{"Time":"2026-09-21T12:58:33.052271-07:00","Action":"start","Package":"lsp-trace/internal/censuscontinuation"}
{"Time":"2026-09-21T12:58:33.414044-07:00","Action":"run","Package":"lsp-trace/internal/censuscontinuation","Test":"TestCaptureFreshNilDependenciesFailsTypedSourcePreparation"}
{"Time":"2026-09-21T12:58:33.414116-07:00","Action":"output","Package":"lsp-trace/internal/censuscontinuation","Test":"TestCaptureFreshNilDependenciesFailsTypedSourcePreparation","Output":"=== RUN   TestCaptureFreshNilDependenciesFailsTypedSourcePreparation\n"}
{"Time":"2026-09-21T12:58:33.764145-07:00","Action":"output","Package":"lsp-trace/internal/censuscontinuation","Test":"TestCaptureFreshNilDependenciesFailsTypedSourcePreparation","Output":"--- PASS: TestCaptureFreshNilDependenciesFailsTypedSourcePreparation (0.35s)\n"}
{"Time":"2026-09-21T12:58:33.764157-07:00","Action":"pass","Package":"lsp-trace/internal/censuscontinuation","Test":"TestCaptureFreshNilDependenciesFailsTypedSourcePreparation","Elapsed":0.35}
{"Time":"2026-09-21T12:58:33.764183-07:00","Action":"run","Package":"lsp-trace/internal/censuscontinuation","Test":"TestManagedPreparationCompletesGloballyBeforeResolver"}
{"Time":"2026-09-21T12:58:33.764185-07:00","Action":"output","Package":"lsp-trace/internal/censuscontinuation","Test":"TestManagedPreparationCompletesGloballyBeforeResolver","Output":"=== RUN   TestManagedPreparationCompletesGloballyBeforeResolver\n"}
{"Time":"2026-09-21T12:58:34.23226-07:00","Action":"output","Package":"lsp-trace/internal/censuscontinuation","Test":"TestManagedPreparationCompletesGloballyBeforeResolver","Output":"--- PASS: TestManagedPreparationCompletesGloballyBeforeResolver (0.47s)\n"}
{"Time":"2026-09-21T12:58:34.232272-07:00","Action":"pass","Package":"lsp-trace/internal/censuscontinuation","Test":"TestManagedPreparationCompletesGloballyBeforeResolver","Elapsed":0.47}
{"Time":"2026-09-21T12:58:34.232275-07:00","Action":"run","Package":"lsp-trace/internal/censuscontinuation","Test":"TestManagedPreparationTaxonomyKeepsCustodyAndMalformedDistinct"}
{"Time":"2026-09-21T12:58:34.232276-07:00","Action":"output","Package":"lsp-trace/internal/censuscontinuation","Test":"TestManagedPreparationTaxonomyKeepsCustodyAndMalformedDistinct","Output":"=== RUN   TestManagedPreparationTaxonomyKeepsCustodyAndMalformedDistinct\n"}
{"Time":"2026-09-21T12:58:34.232288-07:00","Action":"output","Package":"lsp-trace/internal/censuscontinuation","Test":"TestManagedPreparationTaxonomyKeepsCustodyAndMalformedDistinct","Output":"--- PASS: TestManagedPreparationTaxonomyKeepsCustodyAndMalformedDistinct (0.00s)\n"}
{"Time":"2026-09-21T12:58:34.23229-07:00","Action":"pass","Package":"lsp-trace/internal/censuscontinuation","Test":"TestManagedPreparationTaxonomyKeepsCustodyAndMalformedDistinct","Elapsed":0}
{"Time":"2026-09-21T12:58:34.232291-07:00","Action":"run","Package":"lsp-trace/internal/censuscontinuation","Test":"TestManagedWorkspaceRoutingMismatchIsTypedBeforePreparation"}
{"Time":"2026-09-21T12:58:34.232292-07:00","Action":"output","Package":"lsp-trace/internal/censuscontinuation","Test":"TestManagedWorkspaceRoutingMismatchIsTypedBeforePreparation","Output":"=== RUN   TestManagedWorkspaceRoutingMismatchIsTypedBeforePreparation\n"}
{"Time":"2026-09-21T12:58:34.726559-07:00","Action":"output","Package":"lsp-trace/internal/censuscontinuation","Test":"TestManagedWorkspaceRoutingMismatchIsTypedBeforePreparation","Output":"--- PASS: TestManagedWorkspaceRoutingMismatchIsTypedBeforePreparation (0.49s)\n"}
{"Time":"2026-09-21T12:58:34.726572-07:00","Action":"pass","Package":"lsp-trace/internal/censuscontinuation","Test":"TestManagedWorkspaceRoutingMismatchIsTypedBeforePreparation","Elapsed":0.49}
{"Time":"2026-09-21T12:58:34.726587-07:00","Action":"run","Package":"lsp-trace/internal/censuscontinuation","Test":"TestManagedCaptureDeterministicUnderConstituentOrdering"}
{"Time":"2026-09-21T12:58:34.726589-07:00","Action":"output","Package":"lsp-trace/internal/censuscontinuation","Test":"TestManagedCaptureDeterministicUnderConstituentOrdering","Output":"=== RUN   TestManagedCaptureDeterministicUnderConstituentOrdering\n"}
{"Time":"2026-09-21T12:58:35.369689-07:00","Action":"output","Package":"lsp-trace/internal/censuscontinuation","Test":"TestManagedCaptureDeterministicUnderConstituentOrdering","Output":"--- PASS: TestManagedCaptureDeterministicUnderConstituentOrdering (0.64s)\n"}
{"Time":"2026-09-21T12:58:35.369702-07:00","Action":"pass","Package":"lsp-trace/internal/censuscontinuation","Test":"TestManagedCaptureDeterministicUnderConstituentOrdering","Elapsed":0.64}
{"Time":"2026-09-21T12:58:35.369707-07:00","Action":"run","Package":"lsp-trace/internal/censuscontinuation","Test":"TestFailCapturePersistsTypedTerminalForNonLimitFailure"}
{"Time":"2026-09-21T12:58:35.36971-07:00","Action":"output","Package":"lsp-trace/internal/censuscontinuation","Test":"TestFailCapturePersistsTypedTerminalForNonLimitFailure","Output":"=== RUN   TestFailCapturePersistsTypedTerminalForNonLimitFailure\n"}
{"Time":"2026-09-21T12:58:35.369877-07:00","Action":"output","Package":"lsp-trace/internal/censuscontinuation","Test":"TestFailCapturePersistsTypedTerminalForNonLimitFailure","Output":"    capture_terminal_checkpoint_test.go:60: ASSERT_NON_LIMIT_CAPTURE_TYPED_PRIVATE_SAFE: checkpoint={wire:{SchemaVersion:lsp-trace.census-continuation-checkpoint.v1 CheckpointID:sha256:66fe33e95106f45dbb81b71754bc8a50d251e2239fcd3839bd0a42fa8f870e39 PriorCheckpointID:sha256:b521bc63aa0dd45b65be6c1a81a0b956429666ea79590bb8333646edc475c9d8 Stage:PROGRAM_C_COMPUTED CensusID:sha256:7969bf2d3a9ceff9f774531d05be1923d0719b2b75db0e145e8af7b149aaf71f HandoffID:sha256:2ba1e56a5a50ae2a283077224d0f5fa7926cc58cb81aa1ff26d0d3f45732ae1c ContractID:sha256:02bde8ebecbb0766c1a590f6566c7530f61f539f579b4e39fe5971f048a33f85 ProfileID:sha256:1900eab6c028483d7126599ee6f50de0d27907b5c65fa90524580b4b0f9852b0 Artifacts:[{Kind:continuation_contract ID:sha256:cc8321d6375c494d043fdd0260f21bc0ec51dacc9f6abb7f909cdcd3041b78bf Digest:sha256:cc8321d6375c494d043fdd0260f21bc0ec51dacc9f6abb7f909cdcd3041b78bf ByteLength:1} {Kind:handoff ID:sha256:249215fed826e1cff9368c2c7490760a16f7bd49f875d39a9f23eaf1505d076d Digest:sha256:249215fed826e1cff9368"}
{"Time":"2026-09-21T12:58:35.369901-07:00","Action":"output","Package":"lsp-trace/internal/censuscontinuation","Test":"TestFailCapturePersistsTypedTerminalForNonLimitFailure","Output":"c2c7490760a16f7bd49f875d39a9f23eaf1505d076d ByteLength:1} {Kind:program_c ID:sha256:1310ca2c8932dbd118668bd97442558a3e1f546b5e15c69699dfbd6024f548d8 Digest:sha256:1310ca2c8932dbd118668bd97442558a3e1f546b5e15c69699dfbd6024f548d8 ByteLength:1}] Authority:0 Accepted:false Completeness:UNKNOWN Status:FAILED_CAPTURE Diagnostics:[{Code:CAPTURE Stage:PROGRAM_C_COMPUTED Category:internal Observed:0 Limit:0 FailedField:capture Invariant:CAPTURE_MUST_REACH_TERMINAL_CHECKPOINT CallerAction:RETRY_OR_REPORT_CAPTURE_IMPLEMENTATION Recovery:RESTART_FROM_PRESERVED_CENSUS_COMMIT}]} legacy:false} diagnostic={Code:CAPTURE Stage:PROGRAM_C_COMPUTED Category:internal Observed:0 Limit:0 FailedField:capture Invariant:CAPTURE_MUST_REACH_TERMINAL_CHECKPOINT CallerAction:RETRY_OR_REPORT_CAPTURE_IMPLEMENTATION Recovery:RESTART_FROM_PRESERVED_CENSUS_COMMIT}\n"}
{"Time":"2026-09-21T12:58:35.369905-07:00","Action":"output","Package":"lsp-trace/internal/censuscontinuation","Test":"TestFailCapturePersistsTypedTerminalForNonLimitFailure","Output":"--- FAIL: TestFailCapturePersistsTypedTerminalForNonLimitFailure (0.00s)\n"}
{"Time":"2026-09-21T12:58:35.369907-07:00","Action":"fail","Package":"lsp-trace/internal/censuscontinuation","Test":"TestFailCapturePersistsTypedTerminalForNonLimitFailure","Elapsed":0}
{"Time":"2026-09-21T12:58:35.369908-07:00","Action":"run","Package":"lsp-trace/internal/censuscontinuation","Test":"TestFailCaptureTerminalStoreFailureIsSeparateAndDoesNotFabricateDiagnosis"}
{"Time":"2026-09-21T12:58:35.369909-07:00","Action":"output","Package":"lsp-trace/internal/censuscontinuation","Test":"TestFailCaptureTerminalStoreFailureIsSeparateAndDoesNotFabricateDiagnosis","Output":"=== RUN   TestFailCaptureTerminalStoreFailureIsSeparateAndDoesNotFabricateDiagnosis\n"}
{"Time":"2026-09-21T12:58:35.369941-07:00","Action":"output","Package":"lsp-trace/internal/censuscontinuation","Test":"TestFailCaptureTerminalStoreFailureIsSeparateAndDoesNotFabricateDiagnosis","Output":"--- PASS: TestFailCaptureTerminalStoreFailureIsSeparateAndDoesNotFabricateDiagnosis (0.00s)\n"}
{"Time":"2026-09-21T12:58:35.369943-07:00","Action":"pass","Package":"lsp-trace/internal/censuscontinuation","Test":"TestFailCaptureTerminalStoreFailureIsSeparateAndDoesNotFabricateDiagnosis","Elapsed":0}
{"Time":"2026-09-21T12:58:35.369945-07:00","Action":"run","Package":"lsp-trace/internal/censuscontinuation","Test":"TestExactRetainedV6ReplayCaptureBoundary"}
{"Time":"2026-09-21T12:58:35.369951-07:00","Action":"output","Package":"lsp-trace/internal/censuscontinuation","Test":"TestExactRetainedV6ReplayCaptureBoundary","Output":"=== RUN   TestExactRetainedV6ReplayCaptureBoundary\n"}
{"Time":"2026-09-21T12:58:35.369953-07:00","Action":"output","Package":"lsp-trace/internal/censuscontinuation","Test":"TestExactRetainedV6ReplayCaptureBoundary","Output":"    capture_terminal_checkpoint_test.go:106: set LSP_TRACE_RETAINED_V6_CARDINALITY_ROOT for immutable exact replay\n"}
{"Time":"2026-09-21T12:58:35.369959-07:00","Action":"output","Package":"lsp-trace/internal/censuscontinuation","Test":"TestExactRetainedV6ReplayCaptureBoundary","Output":"--- SKIP: TestExactRetainedV6ReplayCaptureBoundary (0.00s)\n"}
{"Time":"2026-09-21T12:58:35.36996-07:00","Action":"skip","Package":"lsp-trace/internal/censuscontinuation","Test":"TestExactRetainedV6ReplayCaptureBoundary","Elapsed":0}
{"Time":"2026-09-21T12:58:35.369962-07:00","Action":"run","Package":"lsp-trace/internal/censuscontinuation","Test":"TestMemoryStoreNoReplaceIdempotentAndDefensive"}
{"Time":"2026-09-21T12:58:35.369962-07:00","Action":"output","Package":"lsp-trace/internal/censuscontinuation","Test":"TestMemoryStoreNoReplaceIdempotentAndDefensive","Output":"=== RUN   TestMemoryStoreNoReplaceIdempotentAndDefensive\n"}
{"Time":"2026-09-21T12:58:35.369967-07:00","Action":"output","Package":"lsp-trace/internal/censuscontinuation","Test":"TestMemoryStoreNoReplaceIdempotentAndDefensive","Output":"--- PASS: TestMemoryStoreNoReplaceIdempotentAndDefensive (0.00s)\n"}
{"Time":"2026-09-21T12:58:35.369969-07:00","Action":"pass","Package":"lsp-trace/internal/censuscontinuation","Test":"TestMemoryStoreNoReplaceIdempotentAndDefensive","Elapsed":0}
{"Time":"2026-09-21T12:58:35.369969-07:00","Action":"run","Package":"lsp-trace/internal/censuscontinuation","Test":"TestVerifyChainRejectsCoordinatedHandoffSubstitution"}
{"Time":"2026-09-21T12:58:35.36997-07:00","Action":"output","Package":"lsp-trace/internal/censuscontinuation","Test":"TestVerifyChainRejectsCoordinatedHandoffSubstitution","Output":"=== RUN   TestVerifyChainRejectsCoordinatedHandoffSubstitution\n"}
{"Time":"2026-09-21T12:58:35.370083-07:00","Action":"output","Package":"lsp-trace/internal/censuscontinuation","Test":"TestVerifyChainRejectsCoordinatedHandoffSubstitution","Output":"--- PASS: TestVerifyChainRejectsCoordinatedHandoffSubstitution (0.00s)\n"}
{"Time":"2026-09-21T12:58:35.370085-07:00","Action":"pass","Package":"lsp-trace/internal/censuscontinuation","Test":"TestVerifyChainRejectsCoordinatedHandoffSubstitution","Elapsed":0}
{"Time":"2026-09-21T12:58:35.370086-07:00","Action":"run","Package":"lsp-trace/internal/censuscontinuation","Test":"TestCheckpointArtifactAndChainTamperMatrix"}
{"Time":"2026-09-21T12:58:35.370095-07:00","Action":"output","Package":"lsp-trace/internal/censuscontinuation","Test":"TestCheckpointArtifactAndChainTamperMatrix","Output":"=== RUN   TestCheckpointArtifactAndChainTamperMatrix\n"}
{"Time":"2026-09-21T12:58:35.3701-07:00","Action":"run","Package":"lsp-trace/internal/censuscontinuation","Test":"TestCheckpointArtifactAndChainTamperMatrix/unrelated_store_object_allowed"}
{"Time":"2026-09-21T12:58:35.370102-07:00","Action":"output","Package":"lsp-trace/internal/censuscontinuation","Test":"TestCheckpointArtifactAndChainTamperMatrix/unrelated_store_object_allowed","Output":"=== RUN   TestCheckpointArtifactAndChainTamperMatrix/unrelated_store_object_allowed\n"}
{"Time":"2026-09-21T12:58:35.370119-07:00","Action":"output","Package":"lsp-trace/internal/censuscontinuation","Test":"TestCheckpointArtifactAndChainTamperMatrix/unrelated_store_object_allowed","Output":"--- PASS: TestCheckpointArtifactAndChainTamperMatrix/unrelated_store_object_allowed (0.00s)\n"}
{"Time":"2026-09-21T12:58:35.370122-07:00","Action":"pass","Package":"lsp-trace/internal/censuscontinuation","Test":"TestCheckpointArtifactAndChainTamperMatrix/unrelated_store_object_allowed","Elapsed":0}
{"Time":"2026-09-21T12:58:35.370123-07:00","Action":"run","Package":"lsp-trace/internal/censuscontinuation","Test":"TestCheckpointArtifactAndChainTamperMatrix/missing_member"}
{"Time":"2026-09-21T12:58:35.370124-07:00","Action":"output","Package":"lsp-trace/internal/censuscontinuation","Test":"TestCheckpointArtifactAndChainTamperMatrix/missing_member","Output":"=== RUN   TestCheckpointArtifactAndChainTamperMatrix/missing_member\n"}
{"Time":"2026-09-21T12:58:35.370134-07:00","Action":"output","Package":"lsp-trace/internal/censuscontinuation","Test":"TestCheckpointArtifactAndChainTamperMatrix/missing_member","Output":"--- PASS: TestCheckpointArtifactAndChainTamperMatrix/missing_member (0.00s)\n"}
{"Time":"2026-09-21T12:58:35.370138-07:00","Action":"pass","Package":"lsp-trace/internal/censuscontinuation","Test":"TestCheckpointArtifactAndChainTamperMatrix/missing_member","Elapsed":0}
{"Time":"2026-09-21T12:58:35.370139-07:00","Action":"run","Package":"lsp-trace/internal/censuscontinuation","Test":"TestCheckpointArtifactAndChainTamperMatrix/extra_member"}
{"Time":"2026-09-21T12:58:35.37014-07:00","Action":"output","Package":"lsp-trace/internal/censuscontinuation","Test":"TestCheckpointArtifactAndChainTamperMatrix/extra_member","Output":"=== RUN   TestCheckpointArtifactAndChainTamperMatrix/extra_member\n"}
{"Time":"2026-09-21T12:58:35.370142-07:00","Action":"output","Package":"lsp-trace/internal/censuscontinuation","Test":"TestCheckpointArtifactAndChainTamperMatrix/extra_member","Output":"--- PASS: TestCheckpointArtifactAndChainTamperMatrix/extra_member (0.00s)\n"}
{"Time":"2026-09-21T12:58:35.370143-07:00","Action":"pass","Package":"lsp-trace/internal/censuscontinuation","Test":"TestCheckpointArtifactAndChainTamperMatrix/extra_member","Elapsed":0}
{"Time":"2026-09-21T12:58:35.370144-07:00","Action":"run","Package":"lsp-trace/internal/censuscontinuation","Test":"TestCheckpointArtifactAndChainTamperMatrix/order"}
{"Time":"2026-09-21T12:58:35.370145-07:00","Action":"output","Package":"lsp-trace/internal/censuscontinuation","Test":"TestCheckpointArtifactAndChainTamperMatrix/order","Output":"=== RUN   TestCheckpointArtifactAndChainTamperMatrix/order\n"}
{"Time":"2026-09-21T12:58:35.370148-07:00","Action":"output","Package":"lsp-trace/internal/censuscontinuation","Test":"TestCheckpointArtifactAndChainTamperMatrix/order","Output":"--- PASS: TestCheckpointArtifactAndChainTamperMatrix/order (0.00s)\n"}
{"Time":"2026-09-21T12:58:35.37015-07:00","Action":"pass","Package":"lsp-trace/internal/censuscontinuation","Test":"TestCheckpointArtifactAndChainTamperMatrix/order","Elapsed":0}
{"Time":"2026-09-21T12:58:35.370152-07:00","Action":"run","Package":"lsp-trace/internal/censuscontinuation","Test":"TestCheckpointArtifactAndChainTamperMatrix/foreign_kind"}
{"Time":"2026-09-21T12:58:35.370152-07:00","Action":"output","Package":"lsp-trace/internal/censuscontinuation","Test":"TestCheckpointArtifactAndChainTamperMatrix/foreign_kind","Output":"=== RUN   TestCheckpointArtifactAndChainTamperMatrix/foreign_kind\n"}
{"Time":"2026-09-21T12:58:35.370165-07:00","Action":"output","Package":"lsp-trace/internal/censuscontinuation","Test":"TestCheckpointArtifactAndChainTamperMatrix/foreign_kind","Output":"--- PASS: TestCheckpointArtifactAndChainTamperMatrix/foreign_kind (0.00s)\n"}
{"Time":"2026-09-21T12:58:35.370168-07:00","Action":"pass","Package":"lsp-trace/internal/censuscontinuation","Test":"TestCheckpointArtifactAndChainTamperMatrix/foreign_kind","Elapsed":0}
{"Time":"2026-09-21T12:58:35.370169-07:00","Action":"run","Package":"lsp-trace/internal/censuscontinuation","Test":"TestCheckpointArtifactAndChainTamperMatrix/wrong_selector"}
{"Time":"2026-09-21T12:58:35.37017-07:00","Action":"output","Package":"lsp-trace/internal/censuscontinuation","Test":"TestCheckpointArtifactAndChainTamperMatrix/wrong_selector","Output":"=== RUN   TestCheckpointArtifactAndChainTamperMatrix/wrong_selector\n"}
{"Time":"2026-09-21T12:58:35.370172-07:00","Action":"output","Package":"lsp-trace/internal/censuscontinuation","Test":"TestCheckpointArtifactAndChainTamperMatrix/wrong_selector","Output":"--- PASS: TestCheckpointArtifactAndChainTamperMatrix/wrong_selector (0.00s)\n"}
{"Time":"2026-09-21T12:58:35.370173-07:00","Action":"pass","Package":"lsp-trace/internal/censuscontinuation","Test":"TestCheckpointArtifactAndChainTamperMatrix/wrong_selector","Elapsed":0}
{"Time":"2026-09-21T12:58:35.370174-07:00","Action":"run","Package":"lsp-trace/internal/censuscontinuation","Test":"TestCheckpointArtifactAndChainTamperMatrix/wrong_digest"}
{"Time":"2026-09-21T12:58:35.370175-07:00","Action":"output","Package":"lsp-trace/internal/censuscontinuation","Test":"TestCheckpointArtifactAndChainTamperMatrix/wrong_digest","Output":"=== RUN   TestCheckpointArtifactAndChainTamperMatrix/wrong_digest\n"}
{"Time":"2026-09-21T12:58:35.370185-07:00","Action":"output","Package":"lsp-trace/internal/censuscontinuation","Test":"TestCheckpointArtifactAndChainTamperMatrix/wrong_digest","Output":"--- PASS: TestCheckpointArtifactAndChainTamperMatrix/wrong_digest (0.00s)\n"}
{"Time":"2026-09-21T12:58:35.370188-07:00","Action":"pass","Package":"lsp-trace/internal/censuscontinuation","Test":"TestCheckpointArtifactAndChainTamperMatrix/wrong_digest","Elapsed":0}
{"Time":"2026-09-21T12:58:35.370189-07:00","Action":"run","Package":"lsp-trace/internal/censuscontinuation","Test":"TestCheckpointArtifactAndChainTamperMatrix/wrong_length"}
{"Time":"2026-09-21T12:58:35.370194-07:00","Action":"output","Package":"lsp-trace/internal/censuscontinuation","Test":"TestCheckpointArtifactAndChainTamperMatrix/wrong_length","Output":"=== RUN   TestCheckpointArtifactAndChainTamperMatrix/wrong_length\n"}
{"Time":"2026-09-21T12:58:35.370196-07:00","Action":"output","Package":"lsp-trace/internal/censuscontinuation","Test":"TestCheckpointArtifactAndChainTamperMatrix/wrong_length","Output":"--- PASS: TestCheckpointArtifactAndChainTamperMatrix/wrong_length (0.00s)\n"}
{"Time":"2026-09-21T12:58:35.370201-07:00","Action":"pass","Package":"lsp-trace/internal/censuscontinuation","Test":"TestCheckpointArtifactAndChainTamperMatrix/wrong_length","Elapsed":0}
{"Time":"2026-09-21T12:58:35.370204-07:00","Action":"run","Package":"lsp-trace/internal/censuscontinuation","Test":"TestCheckpointArtifactAndChainTamperMatrix/broken_prior"}
{"Time":"2026-09-21T12:58:35.370211-07:00","Action":"output","Package":"lsp-trace/internal/censuscontinuation","Test":"TestCheckpointArtifactAndChainTamperMatrix/broken_prior","Output":"=== RUN   TestCheckpointArtifactAndChainTamperMatrix/broken_prior\n"}
{"Time":"2026-09-21T12:58:35.370212-07:00","Action":"output","Package":"lsp-trace/internal/censuscontinuation","Test":"TestCheckpointArtifactAndChainTamperMatrix/broken_prior","Output":"--- PASS: TestCheckpointArtifactAndChainTamperMatrix/broken_prior (0.00s)\n"}
{"Time":"2026-09-21T12:58:35.370213-07:00","Action":"pass","Package":"lsp-trace/internal/censuscontinuation","Test":"TestCheckpointArtifactAndChainTamperMatrix/broken_prior","Elapsed":0}
{"Time":"2026-09-21T12:58:35.370215-07:00","Action":"output","Package":"lsp-trace/internal/censuscontinuation","Test":"TestCheckpointArtifactAndChainTamperMatrix","Output":"--- PASS: TestCheckpointArtifactAndChainTamperMatrix (0.00s)\n"}
{"Time":"2026-09-21T12:58:35.370216-07:00","Action":"pass","Package":"lsp-trace/internal/censuscontinuation","Test":"TestCheckpointArtifactAndChainTamperMatrix","Elapsed":0}
{"Time":"2026-09-21T12:58:35.370217-07:00","Action":"run","Package":"lsp-trace/internal/censuscontinuation","Test":"TestCheckpointStrictParserMatrix"}
{"Time":"2026-09-21T12:58:35.370218-07:00","Action":"output","Package":"lsp-trace/internal/censuscontinuation","Test":"TestCheckpointStrictParserMatrix","Output":"=== RUN   TestCheckpointStrictParserMatrix\n"}
{"Time":"2026-09-21T12:58:35.370252-07:00","Action":"run","Package":"lsp-trace/internal/censuscontinuation","Test":"TestCheckpointStrictParserMatrix/unknown"}
{"Time":"2026-09-21T12:58:35.370254-07:00","Action":"output","Package":"lsp-trace/internal/censuscontinuation","Test":"TestCheckpointStrictParserMatrix/unknown","Output":"=== RUN   TestCheckpointStrictParserMatrix/unknown\n"}
{"Time":"2026-09-21T12:58:35.370284-07:00","Action":"output","Package":"lsp-trace/internal/censuscontinuation","Test":"TestCheckpointStrictParserMatrix/unknown","Output":"--- PASS: TestCheckpointStrictParserMatrix/unknown (0.00s)\n"}
{"Time":"2026-09-21T12:58:35.370286-07:00","Action":"pass","Package":"lsp-trace/internal/censuscontinuation","Test":"TestCheckpointStrictParserMatrix/unknown","Elapsed":0}
{"Time":"2026-09-21T12:58:35.370287-07:00","Action":"run","Package":"lsp-trace/internal/censuscontinuation","Test":"TestCheckpointStrictParserMatrix/noncanonical"}
{"Time":"2026-09-21T12:58:35.370288-07:00","Action":"output","Package":"lsp-trace/internal/censuscontinuation","Test":"TestCheckpointStrictParserMatrix/noncanonical","Output":"=== RUN   TestCheckpointStrictParserMatrix/noncanonical\n"}
{"Time":"2026-09-21T12:58:35.37029-07:00","Action":"output","Package":"lsp-trace/internal/censuscontinuation","Test":"TestCheckpointStrictParserMatrix/noncanonical","Output":"--- PASS: TestCheckpointStrictParserMatrix/noncanonical (0.00s)\n"}
{"Time":"2026-09-21T12:58:35.370291-07:00","Action":"pass","Package":"lsp-trace/internal/censuscontinuation","Test":"TestCheckpointStrictParserMatrix/noncanonical","Elapsed":0}
{"Time":"2026-09-21T12:58:35.370292-07:00","Action":"run","Package":"lsp-trace/internal/censuscontinuation","Test":"TestCheckpointStrictParserMatrix/trailing"}
{"Time":"2026-09-21T12:58:35.370293-07:00","Action":"output","Package":"lsp-trace/internal/censuscontinuation","Test":"TestCheckpointStrictParserMatrix/trailing","Output":"=== RUN   TestCheckpointStrictParserMatrix/trailing\n"}
{"Time":"2026-09-21T12:58:35.370294-07:00","Action":"output","Package":"lsp-trace/internal/censuscontinuation","Test":"TestCheckpointStrictParserMatrix/trailing","Output":"--- PASS: TestCheckpointStrictParserMatrix/trailing (0.00s)\n"}
{"Time":"2026-09-21T12:58:35.370296-07:00","Action":"pass","Package":"lsp-trace/internal/censuscontinuation","Test":"TestCheckpointStrictParserMatrix/trailing","Elapsed":0}
{"Time":"2026-09-21T12:58:35.370296-07:00","Action":"run","Package":"lsp-trace/internal/censuscontinuation","Test":"TestCheckpointStrictParserMatrix/duplicate"}
{"Time":"2026-09-21T12:58:35.370297-07:00","Action":"output","Package":"lsp-trace/internal/censuscontinuation","Test":"TestCheckpointStrictParserMatrix/duplicate","Output":"=== RUN   TestCheckpointStrictParserMatrix/duplicate\n"}
{"Time":"2026-09-21T12:58:35.370299-07:00","Action":"output","Package":"lsp-trace/internal/censuscontinuation","Test":"TestCheckpointStrictParserMatrix/duplicate","Output":"--- PASS: TestCheckpointStrictParserMatrix/duplicate (0.00s)\n"}
{"Time":"2026-09-21T12:58:35.370301-07:00","Action":"pass","Package":"lsp-trace/internal/censuscontinuation","Test":"TestCheckpointStrictParserMatrix/duplicate","Elapsed":0}
{"Time":"2026-09-21T12:58:35.370303-07:00","Action":"output","Package":"lsp-trace/internal/censuscontinuation","Test":"TestCheckpointStrictParserMatrix","Output":"--- PASS: TestCheckpointStrictParserMatrix (0.00s)\n"}
{"Time":"2026-09-21T12:58:35.37031-07:00","Action":"pass","Package":"lsp-trace/internal/censuscontinuation","Test":"TestCheckpointStrictParserMatrix","Elapsed":0}
{"Time":"2026-09-21T12:58:35.370324-07:00","Action":"run","Package":"lsp-trace/internal/censuscontinuation","Test":"TestFailedCaptureCheckpointDiagnosticRoundTripAndLegacyCompatibility"}
{"Time":"2026-09-21T12:58:35.370327-07:00","Action":"output","Package":"lsp-trace/internal/censuscontinuation","Test":"TestFailedCaptureCheckpointDiagnosticRoundTripAndLegacyCompatibility","Output":"=== RUN   TestFailedCaptureCheckpointDiagnosticRoundTripAndLegacyCompatibility\n"}
{"Time":"2026-09-21T12:58:35.370412-07:00","Action":"output","Package":"lsp-trace/internal/censuscontinuation","Test":"TestFailedCaptureCheckpointDiagnosticRoundTripAndLegacyCompatibility","Output":"--- PASS: TestFailedCaptureCheckpointDiagnosticRoundTripAndLegacyCompatibility (0.00s)\n"}
{"Time":"2026-09-21T12:58:35.370415-07:00","Action":"pass","Package":"lsp-trace/internal/censuscontinuation","Test":"TestFailedCaptureCheckpointDiagnosticRoundTripAndLegacyCompatibility","Elapsed":0}
{"Time":"2026-09-21T12:58:35.370416-07:00","Action":"run","Package":"lsp-trace/internal/censuscontinuation","Test":"TestMemoryStoreConcurrentNoReplace"}
{"Time":"2026-09-21T12:58:35.370422-07:00","Action":"output","Package":"lsp-trace/internal/censuscontinuation","Test":"TestMemoryStoreConcurrentNoReplace","Output":"=== RUN   TestMemoryStoreConcurrentNoReplace\n"}
{"Time":"2026-09-21T12:58:35.370485-07:00","Action":"output","Package":"lsp-trace/internal/censuscontinuation","Test":"TestMemoryStoreConcurrentNoReplace","Output":"--- PASS: TestMemoryStoreConcurrentNoReplace (0.00s)\n"}
{"Time":"2026-09-21T12:58:35.370488-07:00","Action":"pass","Package":"lsp-trace/internal/censuscontinuation","Test":"TestMemoryStoreConcurrentNoReplace","Elapsed":0}
{"Time":"2026-09-21T12:58:35.370489-07:00","Action":"run","Package":"lsp-trace/internal/censuscontinuation","Test":"TestCheckpointCanonicalChainAndTamperRejection"}
{"Time":"2026-09-21T12:58:35.37049-07:00","Action":"output","Package":"lsp-trace/internal/censuscontinuation","Test":"TestCheckpointCanonicalChainAndTamperRejection","Output":"=== RUN   TestCheckpointCanonicalChainAndTamperRejection\n"}
{"Time":"2026-09-21T12:58:35.370559-07:00","Action":"output","Package":"lsp-trace/internal/censuscontinuation","Test":"TestCheckpointCanonicalChainAndTamperRejection","Output":"--- PASS: TestCheckpointCanonicalChainAndTamperRejection (0.00s)\n"}
{"Time":"2026-09-21T12:58:35.370561-07:00","Action":"pass","Package":"lsp-trace/internal/censuscontinuation","Test":"TestCheckpointCanonicalChainAndTamperRejection","Elapsed":0}
{"Time":"2026-09-21T12:58:35.370562-07:00","Action":"run","Package":"lsp-trace/internal/censuscontinuation","Test":"TestBuildHandoffRequiresAndReconcilesCommittedEvidence"}
{"Time":"2026-09-21T12:58:35.370564-07:00","Action":"output","Package":"lsp-trace/internal/censuscontinuation","Test":"TestBuildHandoffRequiresAndReconcilesCommittedEvidence","Output":"=== RUN   TestBuildHandoffRequiresAndReconcilesCommittedEvidence\n"}
{"Time":"2026-09-21T12:58:35.586994-07:00","Action":"run","Package":"lsp-trace/internal/censuscontinuation","Test":"TestBuildHandoffRequiresAndReconcilesCommittedEvidence/duplicate-selector"}
{"Time":"2026-09-21T12:58:35.587002-07:00","Action":"output","Package":"lsp-trace/internal/censuscontinuation","Test":"TestBuildHandoffRequiresAndReconcilesCommittedEvidence/duplicate-selector","Output":"=== RUN   TestBuildHandoffRequiresAndReconcilesCommittedEvidence/duplicate-selector\n"}
{"Time":"2026-09-21T12:58:35.629622-07:00","Action":"output","Package":"lsp-trace/internal/censuscontinuation","Test":"TestBuildHandoffRequiresAndReconcilesCommittedEvidence/duplicate-selector","Output":"--- PASS: TestBuildHandoffRequiresAndReconcilesCommittedEvidence/duplicate-selector (0.04s)\n"}
{"Time":"2026-09-21T12:58:35.629634-07:00","Action":"pass","Package":"lsp-trace/internal/censuscontinuation","Test":"TestBuildHandoffRequiresAndReconcilesCommittedEvidence/duplicate-selector","Elapsed":0.04}
{"Time":"2026-09-21T12:58:35.629637-07:00","Action":"run","Package":"lsp-trace/internal/censuscontinuation","Test":"TestBuildHandoffRequiresAndReconcilesCommittedEvidence/foreign-ordinal"}
{"Time":"2026-09-21T12:58:35.629638-07:00","Action":"output","Package":"lsp-trace/internal/censuscontinuation","Test":"TestBuildHandoffRequiresAndReconcilesCommittedEvidence/foreign-ordinal","Output":"=== RUN   TestBuildHandoffRequiresAndReconcilesCommittedEvidence/foreign-ordinal\n"}
{"Time":"2026-09-21T12:58:35.648407-07:00","Action":"output","Package":"lsp-trace/internal/censuscontinuation","Test":"TestBuildHandoffRequiresAndReconcilesCommittedEvidence/foreign-ordinal","Output":"--- PASS: TestBuildHandoffRequiresAndReconcilesCommittedEvidence/foreign-ordinal (0.02s)\n"}
{"Time":"2026-09-21T12:58:35.648418-07:00","Action":"pass","Package":"lsp-trace/internal/censuscontinuation","Test":"TestBuildHandoffRequiresAndReconcilesCommittedEvidence/foreign-ordinal","Elapsed":0.02}
{"Time":"2026-09-21T12:58:35.648421-07:00","Action":"run","Package":"lsp-trace/internal/censuscontinuation","Test":"TestBuildHandoffRequiresAndReconcilesCommittedEvidence/foreign-batch"}
{"Time":"2026-09-21T12:58:35.648422-07:00","Action":"output","Package":"lsp-trace/internal/censuscontinuation","Test":"TestBuildHandoffRequiresAndReconcilesCommittedEvidence/foreign-batch","Output":"=== RUN   TestBuildHandoffRequiresAndReconcilesCommittedEvidence/foreign-batch\n"}
{"Time":"2026-09-21T12:58:35.668-07:00","Action":"output","Package":"lsp-trace/internal/censuscontinuation","Test":"TestBuildHandoffRequiresAndReconcilesCommittedEvidence/foreign-batch","Output":"--- PASS: TestBuildHandoffRequiresAndReconcilesCommittedEvidence/foreign-batch (0.02s)\n"}
{"Time":"2026-09-21T12:58:35.668008-07:00","Action":"pass","Package":"lsp-trace/internal/censuscontinuation","Test":"TestBuildHandoffRequiresAndReconcilesCommittedEvidence/foreign-batch","Elapsed":0.02}
{"Time":"2026-09-21T12:58:35.668011-07:00","Action":"run","Package":"lsp-trace/internal/censuscontinuation","Test":"TestBuildHandoffRequiresAndReconcilesCommittedEvidence/foreign-selector"}
{"Time":"2026-09-21T12:58:35.668012-07:00","Action":"output","Package":"lsp-trace/internal/censuscontinuation","Test":"TestBuildHandoffRequiresAndReconcilesCommittedEvidence/foreign-selector","Output":"=== RUN   TestBuildHandoffRequiresAndReconcilesCommittedEvidence/foreign-selector\n"}
{"Time":"2026-09-21T12:58:35.686918-07:00","Action":"output","Package":"lsp-trace/internal/censuscontinuation","Test":"TestBuildHandoffRequiresAndReconcilesCommittedEvidence/foreign-selector","Output":"--- PASS: TestBuildHandoffRequiresAndReconcilesCommittedEvidence/foreign-selector (0.02s)\n"}
{"Time":"2026-09-21T12:58:35.686927-07:00","Action":"pass","Package":"lsp-trace/internal/censuscontinuation","Test":"TestBuildHandoffRequiresAndReconcilesCommittedEvidence/foreign-selector","Elapsed":0.02}
{"Time":"2026-09-21T12:58:35.686929-07:00","Action":"run","Package":"lsp-trace/internal/censuscontinuation","Test":"TestBuildHandoffRequiresAndReconcilesCommittedEvidence/length"}
{"Time":"2026-09-21T12:58:35.686931-07:00","Action":"output","Package":"lsp-trace/internal/censuscontinuation","Test":"TestBuildHandoffRequiresAndReconcilesCommittedEvidence/length","Output":"=== RUN   TestBuildHandoffRequiresAndReconcilesCommittedEvidence/length\n"}
{"Time":"2026-09-21T12:58:35.705918-07:00","Action":"output","Package":"lsp-trace/internal/censuscontinuation","Test":"TestBuildHandoffRequiresAndReconcilesCommittedEvidence/length","Output":"--- PASS: TestBuildHandoffRequiresAndReconcilesCommittedEvidence/length (0.02s)\n"}
{"Time":"2026-09-21T12:58:35.705925-07:00","Action":"pass","Package":"lsp-trace/internal/censuscontinuation","Test":"TestBuildHandoffRequiresAndReconcilesCommittedEvidence/length","Elapsed":0.02}
{"Time":"2026-09-21T12:58:35.705927-07:00","Action":"run","Package":"lsp-trace/internal/censuscontinuation","Test":"TestBuildHandoffRequiresAndReconcilesCommittedEvidence/projection-census"}
{"Time":"2026-09-21T12:58:35.705929-07:00","Action":"output","Package":"lsp-trace/internal/censuscontinuation","Test":"TestBuildHandoffRequiresAndReconcilesCommittedEvidence/projection-census","Output":"=== RUN   TestBuildHandoffRequiresAndReconcilesCommittedEvidence/projection-census\n"}
{"Time":"2026-09-21T12:58:35.716281-07:00","Action":"output","Package":"lsp-trace/internal/censuscontinuation","Test":"TestBuildHandoffRequiresAndReconcilesCommittedEvidence/projection-census","Output":"--- PASS: TestBuildHandoffRequiresAndReconcilesCommittedEvidence/projection-census (0.01s)\n"}
{"Time":"2026-09-21T12:58:35.716285-07:00","Action":"pass","Package":"lsp-trace/internal/censuscontinuation","Test":"TestBuildHandoffRequiresAndReconcilesCommittedEvidence/projection-census","Elapsed":0.01}
{"Time":"2026-09-21T12:58:35.716287-07:00","Action":"run","Package":"lsp-trace/internal/censuscontinuation","Test":"TestBuildHandoffRequiresAndReconcilesCommittedEvidence/receipt-alone"}
{"Time":"2026-09-21T12:58:35.716288-07:00","Action":"output","Package":"lsp-trace/internal/censuscontinuation","Test":"TestBuildHandoffRequiresAndReconcilesCommittedEvidence/receipt-alone","Output":"=== RUN   TestBuildHandoffRequiresAndReconcilesCommittedEvidence/receipt-alone\n"}
{"Time":"2026-09-21T12:58:35.726796-07:00","Action":"output","Package":"lsp-trace/internal/censuscontinuation","Test":"TestBuildHandoffRequiresAndReconcilesCommittedEvidence/receipt-alone","Output":"--- PASS: TestBuildHandoffRequiresAndReconcilesCommittedEvidence/receipt-alone (0.01s)\n"}
{"Time":"2026-09-21T12:58:35.726801-07:00","Action":"pass","Package":"lsp-trace/internal/censuscontinuation","Test":"TestBuildHandoffRequiresAndReconcilesCommittedEvidence/receipt-alone","Elapsed":0.01}
{"Time":"2026-09-21T12:58:35.726802-07:00","Action":"run","Package":"lsp-trace/internal/censuscontinuation","Test":"TestBuildHandoffRequiresAndReconcilesCommittedEvidence/bytes"}
{"Time":"2026-09-21T12:58:35.726807-07:00","Action":"output","Package":"lsp-trace/internal/censuscontinuation","Test":"TestBuildHandoffRequiresAndReconcilesCommittedEvidence/bytes","Output":"=== RUN   TestBuildHandoffRequiresAndReconcilesCommittedEvidence/bytes\n"}
{"Time":"2026-09-21T12:58:35.77001-07:00","Action":"output","Package":"lsp-trace/internal/censuscontinuation","Test":"TestBuildHandoffRequiresAndReconcilesCommittedEvidence/bytes","Output":"--- PASS: TestBuildHandoffRequiresAndReconcilesCommittedEvidence/bytes (0.04s)\n"}
{"Time":"2026-09-21T12:58:35.770033-07:00","Action":"pass","Package":"lsp-trace/internal/censuscontinuation","Test":"TestBuildHandoffRequiresAndReconcilesCommittedEvidence/bytes","Elapsed":0.04}
{"Time":"2026-09-21T12:58:35.770039-07:00","Action":"run","Package":"lsp-trace/internal/censuscontinuation","Test":"TestBuildHandoffRequiresAndReconcilesCommittedEvidence/missing-constituents"}
{"Time":"2026-09-21T12:58:35.77004-07:00","Action":"output","Package":"lsp-trace/internal/censuscontinuation","Test":"TestBuildHandoffRequiresAndReconcilesCommittedEvidence/missing-constituents","Output":"=== RUN   TestBuildHandoffRequiresAndReconcilesCommittedEvidence/missing-constituents\n"}
{"Time":"2026-09-21T12:58:35.811214-07:00","Action":"output","Package":"lsp-trace/internal/censuscontinuation","Test":"TestBuildHandoffRequiresAndReconcilesCommittedEvidence/missing-constituents","Output":"--- PASS: TestBuildHandoffRequiresAndReconcilesCommittedEvidence/missing-constituents (0.04s)\n"}
{"Time":"2026-09-21T12:58:35.811222-07:00","Action":"pass","Package":"lsp-trace/internal/censuscontinuation","Test":"TestBuildHandoffRequiresAndReconcilesCommittedEvidence/missing-constituents","Elapsed":0.04}
{"Time":"2026-09-21T12:58:35.811227-07:00","Action":"run","Package":"lsp-trace/internal/censuscontinuation","Test":"TestBuildHandoffRequiresAndReconcilesCommittedEvidence/extra-constituent"}
{"Time":"2026-09-21T12:58:35.811229-07:00","Action":"output","Package":"lsp-trace/internal/censuscontinuation","Test":"TestBuildHandoffRequiresAndReconcilesCommittedEvidence/extra-constituent","Output":"=== RUN   TestBuildHandoffRequiresAndReconcilesCommittedEvidence/extra-constituent\n"}
{"Time":"2026-09-21T12:58:35.85323-07:00","Action":"output","Package":"lsp-trace/internal/censuscontinuation","Test":"TestBuildHandoffRequiresAndReconcilesCommittedEvidence/extra-constituent","Output":"--- PASS: TestBuildHandoffRequiresAndReconcilesCommittedEvidence/extra-constituent (0.04s)\n"}
{"Time":"2026-09-21T12:58:35.85324-07:00","Action":"pass","Package":"lsp-trace/internal/censuscontinuation","Test":"TestBuildHandoffRequiresAndReconcilesCommittedEvidence/extra-constituent","Elapsed":0.04}
{"Time":"2026-09-21T12:58:35.853243-07:00","Action":"run","Package":"lsp-trace/internal/censuscontinuation","Test":"TestBuildHandoffRequiresAndReconcilesCommittedEvidence/missing-projection"}
{"Time":"2026-09-21T12:58:35.853244-07:00","Action":"output","Package":"lsp-trace/internal/censuscontinuation","Test":"TestBuildHandoffRequiresAndReconcilesCommittedEvidence/missing-projection","Output":"=== RUN   TestBuildHandoffRequiresAndReconcilesCommittedEvidence/missing-projection\n"}
{"Time":"2026-09-21T12:58:35.863703-07:00","Action":"output","Package":"lsp-trace/internal/censuscontinuation","Test":"TestBuildHandoffRequiresAndReconcilesCommittedEvidence/missing-projection","Output":"--- PASS: TestBuildHandoffRequiresAndReconcilesCommittedEvidence/missing-projection (0.01s)\n"}
{"Time":"2026-09-21T12:58:35.863709-07:00","Action":"pass","Package":"lsp-trace/internal/censuscontinuation","Test":"TestBuildHandoffRequiresAndReconcilesCommittedEvidence/missing-projection","Elapsed":0.01}
{"Time":"2026-09-21T12:58:35.863711-07:00","Action":"run","Package":"lsp-trace/internal/censuscontinuation","Test":"TestBuildHandoffRequiresAndReconcilesCommittedEvidence/reordered"}
{"Time":"2026-09-21T12:58:35.863712-07:00","Action":"output","Package":"lsp-trace/internal/censuscontinuation","Test":"TestBuildHandoffRequiresAndReconcilesCommittedEvidence/reordered","Output":"=== RUN   TestBuildHandoffRequiresAndReconcilesCommittedEvidence/reordered\n"}
{"Time":"2026-09-21T12:58:35.9055-07:00","Action":"output","Package":"lsp-trace/internal/censuscontinuation","Test":"TestBuildHandoffRequiresAndReconcilesCommittedEvidence/reordered","Output":"--- PASS: TestBuildHandoffRequiresAndReconcilesCommittedEvidence/reordered (0.04s)\n"}
{"Time":"2026-09-21T12:58:35.905507-07:00","Action":"pass","Package":"lsp-trace/internal/censuscontinuation","Test":"TestBuildHandoffRequiresAndReconcilesCommittedEvidence/reordered","Elapsed":0.04}
{"Time":"2026-09-21T12:58:35.905509-07:00","Action":"run","Package":"lsp-trace/internal/censuscontinuation","Test":"TestBuildHandoffRequiresAndReconcilesCommittedEvidence/digest"}
{"Time":"2026-09-21T12:58:35.905511-07:00","Action":"output","Package":"lsp-trace/internal/censuscontinuation","Test":"TestBuildHandoffRequiresAndReconcilesCommittedEvidence/digest","Output":"=== RUN   TestBuildHandoffRequiresAndReconcilesCommittedEvidence/digest\n"}
{"Time":"2026-09-21T12:58:35.92443-07:00","Action":"output","Package":"lsp-trace/internal/censuscontinuation","Test":"TestBuildHandoffRequiresAndReconcilesCommittedEvidence/digest","Output":"--- PASS: TestBuildHandoffRequiresAndReconcilesCommittedEvidence/digest (0.02s)\n"}
{"Time":"2026-09-21T12:58:35.92444-07:00","Action":"pass","Package":"lsp-trace/internal/censuscontinuation","Test":"TestBuildHandoffRequiresAndReconcilesCommittedEvidence/digest","Elapsed":0.02}
{"Time":"2026-09-21T12:58:35.924446-07:00","Action":"run","Package":"lsp-trace/internal/censuscontinuation","Test":"TestBuildHandoffRequiresAndReconcilesCommittedEvidence/manifest"}
{"Time":"2026-09-21T12:58:35.924447-07:00","Action":"output","Package":"lsp-trace/internal/censuscontinuation","Test":"TestBuildHandoffRequiresAndReconcilesCommittedEvidence/manifest","Output":"=== RUN   TestBuildHandoffRequiresAndReconcilesCommittedEvidence/manifest\n"}
{"Time":"2026-09-21T12:58:35.946046-07:00","Action":"output","Package":"lsp-trace/internal/censuscontinuation","Test":"TestBuildHandoffRequiresAndReconcilesCommittedEvidence/manifest","Output":"--- PASS: TestBuildHandoffRequiresAndReconcilesCommittedEvidence/manifest (0.02s)\n"}
{"Time":"2026-09-21T12:58:35.946053-07:00","Action":"pass","Package":"lsp-trace/internal/censuscontinuation","Test":"TestBuildHandoffRequiresAndReconcilesCommittedEvidence/manifest","Elapsed":0.02}
{"Time":"2026-09-21T12:58:35.946055-07:00","Action":"run","Package":"lsp-trace/internal/censuscontinuation","Test":"TestBuildHandoffRequiresAndReconcilesCommittedEvidence/publication"}
{"Time":"2026-09-21T12:58:35.946057-07:00","Action":"output","Package":"lsp-trace/internal/censuscontinuation","Test":"TestBuildHandoffRequiresAndReconcilesCommittedEvidence/publication","Output":"=== RUN   TestBuildHandoffRequiresAndReconcilesCommittedEvidence/publication\n"}
{"Time":"2026-09-21T12:58:35.967392-07:00","Action":"output","Package":"lsp-trace/internal/censuscontinuation","Test":"TestBuildHandoffRequiresAndReconcilesCommittedEvidence/publication","Output":"--- PASS: TestBuildHandoffRequiresAndReconcilesCommittedEvidence/publication (0.02s)\n"}
{"Time":"2026-09-21T12:58:35.967398-07:00","Action":"pass","Package":"lsp-trace/internal/censuscontinuation","Test":"TestBuildHandoffRequiresAndReconcilesCommittedEvidence/publication","Elapsed":0.02}
{"Time":"2026-09-21T12:58:35.9674-07:00","Action":"run","Package":"lsp-trace/internal/censuscontinuation","Test":"TestBuildHandoffRequiresAndReconcilesCommittedEvidence/result-census"}
{"Time":"2026-09-21T12:58:35.967402-07:00","Action":"output","Package":"lsp-trace/internal/censuscontinuation","Test":"TestBuildHandoffRequiresAndReconcilesCommittedEvidence/result-census","Output":"=== RUN   TestBuildHandoffRequiresAndReconcilesCommittedEvidence/result-census\n"}
{"Time":"2026-09-21T12:58:35.988557-07:00","Action":"output","Package":"lsp-trace/internal/censuscontinuation","Test":"TestBuildHandoffRequiresAndReconcilesCommittedEvidence/result-census","Output":"--- PASS: TestBuildHandoffRequiresAndReconcilesCommittedEvidence/result-census (0.02s)\n"}
{"Time":"2026-09-21T12:58:35.988575-07:00","Action":"pass","Package":"lsp-trace/internal/censuscontinuation","Test":"TestBuildHandoffRequiresAndReconcilesCommittedEvidence/result-census","Elapsed":0.02}
{"Time":"2026-09-21T12:58:35.988578-07:00","Action":"run","Package":"lsp-trace/internal/censuscontinuation","Test":"TestBuildHandoffRequiresAndReconcilesCommittedEvidence/missing-metadata"}
{"Time":"2026-09-21T12:58:35.988579-07:00","Action":"output","Package":"lsp-trace/internal/censuscontinuation","Test":"TestBuildHandoffRequiresAndReconcilesCommittedEvidence/missing-metadata","Output":"=== RUN   TestBuildHandoffRequiresAndReconcilesCommittedEvidence/missing-metadata\n"}
{"Time":"2026-09-21T12:58:36.010155-07:00","Action":"output","Package":"lsp-trace/internal/censuscontinuation","Test":"TestBuildHandoffRequiresAndReconcilesCommittedEvidence/missing-metadata","Output":"--- PASS: TestBuildHandoffRequiresAndReconcilesCommittedEvidence/missing-metadata (0.02s)\n"}
{"Time":"2026-09-21T12:58:36.010163-07:00","Action":"pass","Package":"lsp-trace/internal/censuscontinuation","Test":"TestBuildHandoffRequiresAndReconcilesCommittedEvidence/missing-metadata","Elapsed":0.02}
{"Time":"2026-09-21T12:58:36.010659-07:00","Action":"output","Package":"lsp-trace/internal/censuscontinuation","Test":"TestBuildHandoffRequiresAndReconcilesCommittedEvidence","Output":"--- PASS: TestBuildHandoffRequiresAndReconcilesCommittedEvidence (0.64s)\n"}
{"Time":"2026-09-21T12:58:36.010663-07:00","Action":"pass","Package":"lsp-trace/internal/censuscontinuation","Test":"TestBuildHandoffRequiresAndReconcilesCommittedEvidence","Elapsed":0.64}
{"Time":"2026-09-21T12:58:36.010673-07:00","Action":"run","Package":"lsp-trace/internal/censuscontinuation","Test":"TestCanonicalRoundTripPermutationAndStrictParser"}
{"Time":"2026-09-21T12:58:36.010675-07:00","Action":"output","Package":"lsp-trace/internal/censuscontinuation","Test":"TestCanonicalRoundTripPermutationAndStrictParser","Output":"=== RUN   TestCanonicalRoundTripPermutationAndStrictParser\n"}
{"Time":"2026-09-21T12:58:36.609361-07:00","Action":"run","Package":"lsp-trace/internal/censuscontinuation","Test":"TestCanonicalRoundTripPermutationAndStrictParser/all-whitespace"}
{"Time":"2026-09-21T12:58:36.609378-07:00","Action":"output","Package":"lsp-trace/internal/censuscontinuation","Test":"TestCanonicalRoundTripPermutationAndStrictParser/all-whitespace","Output":"=== RUN   TestCanonicalRoundTripPermutationAndStrictParser/all-whitespace\n"}
{"Time":"2026-09-21T12:58:36.6095-07:00","Action":"output","Package":"lsp-trace/internal/censuscontinuation","Test":"TestCanonicalRoundTripPermutationAndStrictParser/all-whitespace","Output":"--- PASS: TestCanonicalRoundTripPermutationAndStrictParser/all-whitespace (0.00s)\n"}
{"Time":"2026-09-21T12:58:36.609513-07:00","Action":"pass","Package":"lsp-trace/internal/censuscontinuation","Test":"TestCanonicalRoundTripPermutationAndStrictParser/all-whitespace","Elapsed":0}
{"Time":"2026-09-21T12:58:36.609567-07:00","Action":"run","Package":"lsp-trace/internal/censuscontinuation","Test":"TestCanonicalRoundTripPermutationAndStrictParser/unknown"}
{"Time":"2026-09-21T12:58:36.609571-07:00","Action":"output","Package":"lsp-trace/internal/censuscontinuation","Test":"TestCanonicalRoundTripPermutationAndStrictParser/unknown","Output":"=== RUN   TestCanonicalRoundTripPermutationAndStrictParser/unknown\n"}
{"Time":"2026-09-21T12:58:36.617482-07:00","Action":"output","Package":"lsp-trace/internal/censuscontinuation","Test":"TestCanonicalRoundTripPermutationAndStrictParser/unknown","Output":"--- PASS: TestCanonicalRoundTripPermutationAndStrictParser/unknown (0.01s)\n"}
{"Time":"2026-09-21T12:58:36.617487-07:00","Action":"pass","Package":"lsp-trace/internal/censuscontinuation","Test":"TestCanonicalRoundTripPermutationAndStrictParser/unknown","Elapsed":0.01}
{"Time":"2026-09-21T12:58:36.61749-07:00","Action":"run","Package":"lsp-trace/internal/censuscontinuation","Test":"TestCanonicalRoundTripPermutationAndStrictParser/duplicate"}
{"Time":"2026-09-21T12:58:36.617491-07:00","Action":"output","Package":"lsp-trace/internal/censuscontinuation","Test":"TestCanonicalRoundTripPermutationAndStrictParser/duplicate","Output":"=== RUN   TestCanonicalRoundTripPermutationAndStrictParser/duplicate\n"}
{"Time":"2026-09-21T12:58:36.618932-07:00","Action":"output","Package":"lsp-trace/internal/censuscontinuation","Test":"TestCanonicalRoundTripPermutationAndStrictParser/duplicate","Output":"--- PASS: TestCanonicalRoundTripPermutationAndStrictParser/duplicate (0.00s)\n"}
{"Time":"2026-09-21T12:58:36.618935-07:00","Action":"pass","Package":"lsp-trace/internal/censuscontinuation","Test":"TestCanonicalRoundTripPermutationAndStrictParser/duplicate","Elapsed":0}
{"Time":"2026-09-21T12:58:36.618936-07:00","Action":"run","Package":"lsp-trace/internal/censuscontinuation","Test":"TestCanonicalRoundTripPermutationAndStrictParser/trailing"}
{"Time":"2026-09-21T12:58:36.618937-07:00","Action":"output","Package":"lsp-trace/internal/censuscontinuation","Test":"TestCanonicalRoundTripPermutationAndStrictParser/trailing","Output":"=== RUN   TestCanonicalRoundTripPermutationAndStrictParser/trailing\n"}
{"Time":"2026-09-21T12:58:36.620368-07:00","Action":"output","Package":"lsp-trace/internal/censuscontinuation","Test":"TestCanonicalRoundTripPermutationAndStrictParser/trailing","Output":"--- PASS: TestCanonicalRoundTripPermutationAndStrictParser/trailing (0.00s)\n"}
{"Time":"2026-09-21T12:58:36.620371-07:00","Action":"pass","Package":"lsp-trace/internal/censuscontinuation","Test":"TestCanonicalRoundTripPermutationAndStrictParser/trailing","Elapsed":0}
{"Time":"2026-09-21T12:58:36.620372-07:00","Action":"run","Package":"lsp-trace/internal/censuscontinuation","Test":"TestCanonicalRoundTripPermutationAndStrictParser/whitespace"}
{"Time":"2026-09-21T12:58:36.620402-07:00","Action":"output","Package":"lsp-trace/internal/censuscontinuation","Test":"TestCanonicalRoundTripPermutationAndStrictParser/whitespace","Output":"=== RUN   TestCanonicalRoundTripPermutationAndStrictParser/whitespace\n"}
{"Time":"2026-09-21T12:58:36.620404-07:00","Action":"output","Package":"lsp-trace/internal/censuscontinuation","Test":"TestCanonicalRoundTripPermutationAndStrictParser/whitespace","Output":"--- PASS: TestCanonicalRoundTripPermutationAndStrictParser/whitespace (0.00s)\n"}
{"Time":"2026-09-21T12:58:36.620405-07:00","Action":"pass","Package":"lsp-trace/internal/censuscontinuation","Test":"TestCanonicalRoundTripPermutationAndStrictParser/whitespace","Elapsed":0}
{"Time":"2026-09-21T12:58:36.620409-07:00","Action":"run","Package":"lsp-trace/internal/censuscontinuation","Test":"TestCanonicalRoundTripPermutationAndStrictParser/missing"}
{"Time":"2026-09-21T12:58:36.62041-07:00","Action":"output","Package":"lsp-trace/internal/censuscontinuation","Test":"TestCanonicalRoundTripPermutationAndStrictParser/missing","Output":"=== RUN   TestCanonicalRoundTripPermutationAndStrictParser/missing\n"}
{"Time":"2026-09-21T12:58:36.62867-07:00","Action":"output","Package":"lsp-trace/internal/censuscontinuation","Test":"TestCanonicalRoundTripPermutationAndStrictParser/missing","Output":"--- PASS: TestCanonicalRoundTripPermutationAndStrictParser/missing (0.01s)\n"}
{"Time":"2026-09-21T12:58:36.628677-07:00","Action":"pass","Package":"lsp-trace/internal/censuscontinuation","Test":"TestCanonicalRoundTripPermutationAndStrictParser/missing","Elapsed":0.01}
{"Time":"2026-09-21T12:58:36.629183-07:00","Action":"output","Package":"lsp-trace/internal/censuscontinuation","Test":"TestCanonicalRoundTripPermutationAndStrictParser","Output":"--- PASS: TestCanonicalRoundTripPermutationAndStrictParser (0.62s)\n"}
{"Time":"2026-09-21T12:58:36.629187-07:00","Action":"pass","Package":"lsp-trace/internal/censuscontinuation","Test":"TestCanonicalRoundTripPermutationAndStrictParser","Elapsed":0.62}
{"Time":"2026-09-21T12:58:36.629189-07:00","Action":"run","Package":"lsp-trace/internal/censuscontinuation","Test":"TestDefensiveOwnershipHistoricalBytesAndAuthorityCeilings"}
{"Time":"2026-09-21T12:58:36.62919-07:00","Action":"output","Package":"lsp-trace/internal/censuscontinuation","Test":"TestDefensiveOwnershipHistoricalBytesAndAuthorityCeilings","Output":"=== RUN   TestDefensiveOwnershipHistoricalBytesAndAuthorityCeilings\n"}
{"Time":"2026-09-21T12:58:37.228569-07:00","Action":"output","Package":"lsp-trace/internal/censuscontinuation","Test":"TestDefensiveOwnershipHistoricalBytesAndAuthorityCeilings","Output":"--- PASS: TestDefensiveOwnershipHistoricalBytesAndAuthorityCeilings (0.60s)\n"}
{"Time":"2026-09-21T12:58:37.228583-07:00","Action":"pass","Package":"lsp-trace/internal/censuscontinuation","Test":"TestDefensiveOwnershipHistoricalBytesAndAuthorityCeilings","Elapsed":0.6}
{"Time":"2026-09-21T12:58:37.228585-07:00","Action":"run","Package":"lsp-trace/internal/censuscontinuation","Test":"TestReconstructDeterministicEquivalentAndNoPublicationIO"}
{"Time":"2026-09-21T12:58:37.228586-07:00","Action":"output","Package":"lsp-trace/internal/censuscontinuation","Test":"TestReconstructDeterministicEquivalentAndNoPublicationIO","Output":"=== RUN   TestReconstructDeterministicEquivalentAndNoPublicationIO\n"}
{"Time":"2026-09-21T12:58:37.868074-07:00","Action":"output","Package":"lsp-trace/internal/censuscontinuation","Test":"TestReconstructDeterministicEquivalentAndNoPublicationIO","Output":"--- PASS: TestReconstructDeterministicEquivalentAndNoPublicationIO (0.64s)\n"}
{"Time":"2026-09-21T12:58:37.868086-07:00","Action":"pass","Package":"lsp-trace/internal/censuscontinuation","Test":"TestReconstructDeterministicEquivalentAndNoPublicationIO","Elapsed":0.64}
{"Time":"2026-09-21T12:58:37.868089-07:00","Action":"run","Package":"lsp-trace/internal/censuscontinuation","Test":"TestCoordinatedSubstitutionRejectedAfterIDRecompute"}
{"Time":"2026-09-21T12:58:37.86809-07:00","Action":"output","Package":"lsp-trace/internal/censuscontinuation","Test":"TestCoordinatedSubstitutionRejectedAfterIDRecompute","Output":"=== RUN   TestCoordinatedSubstitutionRejectedAfterIDRecompute\n"}
{"Time":"2026-09-21T12:58:38.196789-07:00","Action":"output","Package":"lsp-trace/internal/censuscontinuation","Test":"TestCoordinatedSubstitutionRejectedAfterIDRecompute","Output":"--- PASS: TestCoordinatedSubstitutionRejectedAfterIDRecompute (0.33s)\n"}
{"Time":"2026-09-21T12:58:38.196802-07:00","Action":"pass","Package":"lsp-trace/internal/censuscontinuation","Test":"TestCoordinatedSubstitutionRejectedAfterIDRecompute","Elapsed":0.33}
{"Time":"2026-09-21T12:58:38.196807-07:00","Action":"run","Package":"lsp-trace/internal/censuscontinuation","Test":"TestProgramCBatchPartitionInvariance"}
{"Time":"2026-09-21T12:58:38.196809-07:00","Action":"output","Package":"lsp-trace/internal/censuscontinuation","Test":"TestProgramCBatchPartitionInvariance","Output":"=== RUN   TestProgramCBatchPartitionInvariance\n"}
{"Time":"2026-09-21T12:58:38.258985-07:00","Action":"run","Package":"lsp-trace/internal/censuscontinuation","Test":"TestProgramCBatchPartitionInvariance/16+7"}
{"Time":"2026-09-21T12:58:38.258997-07:00","Action":"output","Package":"lsp-trace/internal/censuscontinuation","Test":"TestProgramCBatchPartitionInvariance/16+7","Output":"=== RUN   TestProgramCBatchPartitionInvariance/16+7\n"}
{"Time":"2026-09-21T12:58:38.524546-07:00","Action":"output","Package":"lsp-trace/internal/censuscontinuation","Test":"TestProgramCBatchPartitionInvariance/16+7","Output":"--- PASS: TestProgramCBatchPartitionInvariance/16+7 (0.27s)\n"}
{"Time":"2026-09-21T12:58:38.524561-07:00","Action":"pass","Package":"lsp-trace/internal/censuscontinuation","Test":"TestProgramCBatchPartitionInvariance/16+7","Elapsed":0.27}
{"Time":"2026-09-21T12:58:38.524563-07:00","Action":"run","Package":"lsp-trace/internal/censuscontinuation","Test":"TestProgramCBatchPartitionInvariance/8+8+7"}
{"Time":"2026-09-21T12:58:38.524565-07:00","Action":"output","Package":"lsp-trace/internal/censuscontinuation","Test":"TestProgramCBatchPartitionInvariance/8+8+7","Output":"=== RUN   TestProgramCBatchPartitionInvariance/8+8+7\n"}
{"Time":"2026-09-21T12:58:38.862464-07:00","Action":"output","Package":"lsp-trace/internal/censuscontinuation","Test":"TestProgramCBatchPartitionInvariance/8+8+7","Output":"--- PASS: TestProgramCBatchPartitionInvariance/8+8+7 (0.34s)\n"}
{"Time":"2026-09-21T12:58:38.862476-07:00","Action":"pass","Package":"lsp-trace/internal/censuscontinuation","Test":"TestProgramCBatchPartitionInvariance/8+8+7","Elapsed":0.34}
{"Time":"2026-09-21T12:58:38.862479-07:00","Action":"run","Package":"lsp-trace/internal/censuscontinuation","Test":"TestProgramCBatchPartitionInvariance/16+7-reordered-input-and-members"}
{"Time":"2026-09-21T12:58:38.862481-07:00","Action":"output","Package":"lsp-trace/internal/censuscontinuation","Test":"TestProgramCBatchPartitionInvariance/16+7-reordered-input-and-members","Output":"=== RUN   TestProgramCBatchPartitionInvariance/16+7-reordered-input-and-members\n"}
{"Time":"2026-09-21T12:58:39.116331-07:00","Action":"output","Package":"lsp-trace/internal/censuscontinuation","Test":"TestProgramCBatchPartitionInvariance/16+7-reordered-input-and-members","Output":"--- PASS: TestProgramCBatchPartitionInvariance/16+7-reordered-input-and-members (0.25s)\n"}
{"Time":"2026-09-21T12:58:39.116345-07:00","Action":"pass","Package":"lsp-trace/internal/censuscontinuation","Test":"TestProgramCBatchPartitionInvariance/16+7-reordered-input-and-members","Elapsed":0.25}
{"Time":"2026-09-21T12:58:39.116349-07:00","Action":"run","Package":"lsp-trace/internal/censuscontinuation","Test":"TestProgramCBatchPartitionInvariance/8+8+7-reordered-input-and-members"}
{"Time":"2026-09-21T12:58:39.116353-07:00","Action":"output","Package":"lsp-trace/internal/censuscontinuation","Test":"TestProgramCBatchPartitionInvariance/8+8+7-reordered-input-and-members","Output":"=== RUN   TestProgramCBatchPartitionInvariance/8+8+7-reordered-input-and-members\n"}
{"Time":"2026-09-21T12:58:39.44214-07:00","Action":"output","Package":"lsp-trace/internal/censuscontinuation","Test":"TestProgramCBatchPartitionInvariance/8+8+7-reordered-input-and-members","Output":"--- PASS: TestProgramCBatchPartitionInvariance/8+8+7-reordered-input-and-members (0.33s)\n"}
{"Time":"2026-09-21T12:58:39.442168-07:00","Action":"pass","Package":"lsp-trace/internal/censuscontinuation","Test":"TestProgramCBatchPartitionInvariance/8+8+7-reordered-input-and-members","Elapsed":0.33}
{"Time":"2026-09-21T12:58:39.71016-07:00","Action":"output","Package":"lsp-trace/internal/censuscontinuation","Test":"TestProgramCBatchPartitionInvariance","Output":"--- PASS: TestProgramCBatchPartitionInvariance (1.51s)\n"}
{"Time":"2026-09-21T12:58:39.710184-07:00","Action":"pass","Package":"lsp-trace/internal/censuscontinuation","Test":"TestProgramCBatchPartitionInvariance","Elapsed":1.51}
{"Time":"2026-09-21T12:58:39.710187-07:00","Action":"run","Package":"lsp-trace/internal/censuscontinuation","Test":"TestEndpointCaptureOutcomeClosureRejectsMissingDuplicateUnknownAndPermutation"}
{"Time":"2026-09-21T12:58:39.710188-07:00","Action":"output","Package":"lsp-trace/internal/censuscontinuation","Test":"TestEndpointCaptureOutcomeClosureRejectsMissingDuplicateUnknownAndPermutation","Output":"=== RUN   TestEndpointCaptureOutcomeClosureRejectsMissingDuplicateUnknownAndPermutation\n"}
{"Time":"2026-09-21T12:58:39.71019-07:00","Action":"run","Package":"lsp-trace/internal/censuscontinuation","Test":"TestEndpointCaptureOutcomeClosureRejectsMissingDuplicateUnknownAndPermutation/missing"}
{"Time":"2026-09-21T12:58:39.710191-07:00","Action":"output","Package":"lsp-trace/internal/censuscontinuation","Test":"TestEndpointCaptureOutcomeClosureRejectsMissingDuplicateUnknownAndPermutation/missing","Output":"=== RUN   TestEndpointCaptureOutcomeClosureRejectsMissingDuplicateUnknownAndPermutation/missing\n"}
{"Time":"2026-09-21T12:58:39.710193-07:00","Action":"output","Package":"lsp-trace/internal/censuscontinuation","Test":"TestEndpointCaptureOutcomeClosureRejectsMissingDuplicateUnknownAndPermutation/missing","Output":"--- PASS: TestEndpointCaptureOutcomeClosureRejectsMissingDuplicateUnknownAndPermutation/missing (0.00s)\n"}
{"Time":"2026-09-21T12:58:39.710197-07:00","Action":"pass","Package":"lsp-trace/internal/censuscontinuation","Test":"TestEndpointCaptureOutcomeClosureRejectsMissingDuplicateUnknownAndPermutation/missing","Elapsed":0}
{"Time":"2026-09-21T12:58:39.710199-07:00","Action":"run","Package":"lsp-trace/internal/censuscontinuation","Test":"TestEndpointCaptureOutcomeClosureRejectsMissingDuplicateUnknownAndPermutation/duplicate"}
{"Time":"2026-09-21T12:58:39.710199-07:00","Action":"output","Package":"lsp-trace/internal/censuscontinuation","Test":"TestEndpointCaptureOutcomeClosureRejectsMissingDuplicateUnknownAndPermutation/duplicate","Output":"=== RUN   TestEndpointCaptureOutcomeClosureRejectsMissingDuplicateUnknownAndPermutation/duplicate\n"}
{"Time":"2026-09-21T12:58:39.710205-07:00","Action":"output","Package":"lsp-trace/internal/censuscontinuation","Test":"TestEndpointCaptureOutcomeClosureRejectsMissingDuplicateUnknownAndPermutation/duplicate","Output":"--- PASS: TestEndpointCaptureOutcomeClosureRejectsMissingDuplicateUnknownAndPermutation/duplicate (0.00s)\n"}
{"Time":"2026-09-21T12:58:39.710208-07:00","Action":"pass","Package":"lsp-trace/internal/censuscontinuation","Test":"TestEndpointCaptureOutcomeClosureRejectsMissingDuplicateUnknownAndPermutation/duplicate","Elapsed":0}
{"Time":"2026-09-21T12:58:39.710209-07:00","Action":"run","Package":"lsp-trace/internal/censuscontinuation","Test":"TestEndpointCaptureOutcomeClosureRejectsMissingDuplicateUnknownAndPermutation/unknown"}
{"Time":"2026-09-21T12:58:39.71021-07:00","Action":"output","Package":"lsp-trace/internal/censuscontinuation","Test":"TestEndpointCaptureOutcomeClosureRejectsMissingDuplicateUnknownAndPermutation/unknown","Output":"=== RUN   TestEndpointCaptureOutcomeClosureRejectsMissingDuplicateUnknownAndPermutation/unknown\n"}
{"Time":"2026-09-21T12:58:39.710219-07:00","Action":"output","Package":"lsp-trace/internal/censuscontinuation","Test":"TestEndpointCaptureOutcomeClosureRejectsMissingDuplicateUnknownAndPermutation/unknown","Output":"--- PASS: TestEndpointCaptureOutcomeClosureRejectsMissingDuplicateUnknownAndPermutation/unknown (0.00s)\n"}
{"Time":"2026-09-21T12:58:39.710221-07:00","Action":"pass","Package":"lsp-trace/internal/censuscontinuation","Test":"TestEndpointCaptureOutcomeClosureRejectsMissingDuplicateUnknownAndPermutation/unknown","Elapsed":0}
{"Time":"2026-09-21T12:58:39.710223-07:00","Action":"output","Package":"lsp-trace/internal/censuscontinuation","Test":"TestEndpointCaptureOutcomeClosureRejectsMissingDuplicateUnknownAndPermutation","Output":"--- PASS: TestEndpointCaptureOutcomeClosureRejectsMissingDuplicateUnknownAndPermutation (0.00s)\n"}
{"Time":"2026-09-21T12:58:39.710224-07:00","Action":"pass","Package":"lsp-trace/internal/censuscontinuation","Test":"TestEndpointCaptureOutcomeClosureRejectsMissingDuplicateUnknownAndPermutation","Elapsed":0}
{"Time":"2026-09-21T12:58:39.710228-07:00","Action":"run","Package":"lsp-trace/internal/censuscontinuation","Test":"TestEndpointCaptureOutcomeAuthorityAndIdentity"}
{"Time":"2026-09-21T12:58:39.71023-07:00","Action":"output","Package":"lsp-trace/internal/censuscontinuation","Test":"TestEndpointCaptureOutcomeAuthorityAndIdentity","Output":"=== RUN   TestEndpointCaptureOutcomeAuthorityAndIdentity\n"}
{"Time":"2026-09-21T12:58:39.710243-07:00","Action":"output","Package":"lsp-trace/internal/censuscontinuation","Test":"TestEndpointCaptureOutcomeAuthorityAndIdentity","Output":"--- PASS: TestEndpointCaptureOutcomeAuthorityAndIdentity (0.00s)\n"}
{"Time":"2026-09-21T12:58:39.710245-07:00","Action":"pass","Package":"lsp-trace/internal/censuscontinuation","Test":"TestEndpointCaptureOutcomeAuthorityAndIdentity","Elapsed":0}
{"Time":"2026-09-21T12:58:39.710246-07:00","Action":"run","Package":"lsp-trace/internal/censuscontinuation","Test":"TestPreparationFailureIsSourceSafeAndResponseFree"}
{"Time":"2026-09-21T12:58:39.710248-07:00","Action":"output","Package":"lsp-trace/internal/censuscontinuation","Test":"TestPreparationFailureIsSourceSafeAndResponseFree","Output":"=== RUN   TestPreparationFailureIsSourceSafeAndResponseFree\n"}
{"Time":"2026-09-21T12:58:39.71028-07:00","Action":"output","Package":"lsp-trace/internal/censuscontinuation","Test":"TestPreparationFailureIsSourceSafeAndResponseFree","Output":"--- PASS: TestPreparationFailureIsSourceSafeAndResponseFree (0.00s)\n"}
{"Time":"2026-09-21T12:58:39.710283-07:00","Action":"pass","Package":"lsp-trace/internal/censuscontinuation","Test":"TestPreparationFailureIsSourceSafeAndResponseFree","Elapsed":0}
{"Time":"2026-09-21T12:58:39.710284-07:00","Action":"run","Package":"lsp-trace/internal/censuscontinuation","Test":"TestRetainedProgramCCaptureFailureClassification"}
{"Time":"2026-09-21T12:58:39.710292-07:00","Action":"output","Package":"lsp-trace/internal/censuscontinuation","Test":"TestRetainedProgramCCaptureFailureClassification","Output":"=== RUN   TestRetainedProgramCCaptureFailureClassification\n"}
{"Time":"2026-09-21T12:58:39.710314-07:00","Action":"output","Package":"lsp-trace/internal/censuscontinuation","Test":"TestRetainedProgramCCaptureFailureClassification","Output":"    nonempty_packet_diagnostic_test.go:79: retained diagnostic inputs not supplied\n"}
{"Time":"2026-09-21T12:58:39.71032-07:00","Action":"output","Package":"lsp-trace/internal/censuscontinuation","Test":"TestRetainedProgramCCaptureFailureClassification","Output":"--- SKIP: TestRetainedProgramCCaptureFailureClassification (0.00s)\n"}
{"Time":"2026-09-21T12:58:39.710321-07:00","Action":"skip","Package":"lsp-trace/internal/censuscontinuation","Test":"TestRetainedProgramCCaptureFailureClassification","Elapsed":0}
{"Time":"2026-09-21T12:58:39.710323-07:00","Action":"run","Package":"lsp-trace/internal/censuscontinuation","Test":"TestNonemptyRetainedPacketDiagnostic"}
{"Time":"2026-09-21T12:58:39.710324-07:00","Action":"output","Package":"lsp-trace/internal/censuscontinuation","Test":"TestNonemptyRetainedPacketDiagnostic","Output":"=== RUN   TestNonemptyRetainedPacketDiagnostic\n"}
{"Time":"2026-09-21T12:58:39.710325-07:00","Action":"output","Package":"lsp-trace/internal/censuscontinuation","Test":"TestNonemptyRetainedPacketDiagnostic","Output":"    nonempty_packet_diagnostic_test.go:126: retained diagnostic inputs not supplied\n"}
{"Time":"2026-09-21T12:58:39.710327-07:00","Action":"output","Package":"lsp-trace/internal/censuscontinuation","Test":"TestNonemptyRetainedPacketDiagnostic","Output":"--- SKIP: TestNonemptyRetainedPacketDiagnostic (0.00s)\n"}
{"Time":"2026-09-21T12:58:39.710328-07:00","Action":"skip","Package":"lsp-trace/internal/censuscontinuation","Test":"TestNonemptyRetainedPacketDiagnostic","Elapsed":0}
{"Time":"2026-09-21T12:58:39.710329-07:00","Action":"run","Package":"lsp-trace/internal/censuscontinuation","Test":"TestWorkerPrivateDiagnosticPropagatesTypedTerminal"}
{"Time":"2026-09-21T12:58:39.71033-07:00","Action":"output","Package":"lsp-trace/internal/censuscontinuation","Test":"TestWorkerPrivateDiagnosticPropagatesTypedTerminal","Output":"=== RUN   TestWorkerPrivateDiagnosticPropagatesTypedTerminal\n"}
{"Time":"2026-09-21T12:58:39.710332-07:00","Action":"output","Package":"lsp-trace/internal/censuscontinuation","Test":"TestWorkerPrivateDiagnosticPropagatesTypedTerminal","Output":"--- PASS: TestWorkerPrivateDiagnosticPropagatesTypedTerminal (0.00s)\n"}
{"Time":"2026-09-21T12:58:39.710333-07:00","Action":"pass","Package":"lsp-trace/internal/censuscontinuation","Test":"TestWorkerPrivateDiagnosticPropagatesTypedTerminal","Elapsed":0}
{"Time":"2026-09-21T12:58:39.710334-07:00","Action":"run","Package":"lsp-trace/internal/censuscontinuation","Test":"TestHandoffPersistencePreflightReportsCanonicalBytesAndStoreCap"}
{"Time":"2026-09-21T12:58:39.710334-07:00","Action":"output","Package":"lsp-trace/internal/censuscontinuation","Test":"TestHandoffPersistencePreflightReportsCanonicalBytesAndStoreCap","Output":"=== RUN   TestHandoffPersistencePreflightReportsCanonicalBytesAndStoreCap\n"}
{"Time":"2026-09-21T12:58:40.289809-07:00","Action":"output","Package":"lsp-trace/internal/censuscontinuation","Test":"TestHandoffPersistencePreflightReportsCanonicalBytesAndStoreCap","Output":"--- PASS: TestHandoffPersistencePreflightReportsCanonicalBytesAndStoreCap (0.58s)\n"}
{"Time":"2026-09-21T12:58:40.28982-07:00","Action":"pass","Package":"lsp-trace/internal/censuscontinuation","Test":"TestHandoffPersistencePreflightReportsCanonicalBytesAndStoreCap","Elapsed":0.58}
{"Time":"2026-09-21T12:58:40.289829-07:00","Action":"run","Package":"lsp-trace/internal/censuscontinuation","Test":"TestContinuationContractCaptureCeilingAndHistoricalCompatibility"}
{"Time":"2026-09-21T12:58:40.28983-07:00","Action":"output","Package":"lsp-trace/internal/censuscontinuation","Test":"TestContinuationContractCaptureCeilingAndHistoricalCompatibility","Output":"=== RUN   TestContinuationContractCaptureCeilingAndHistoricalCompatibility\n"}
{"Time":"2026-09-21T12:58:40.289874-07:00","Action":"output","Package":"lsp-trace/internal/censuscontinuation","Test":"TestContinuationContractCaptureCeilingAndHistoricalCompatibility","Output":"--- PASS: TestContinuationContractCaptureCeilingAndHistoricalCompatibility (0.00s)\n"}
{"Time":"2026-09-21T12:58:40.289879-07:00","Action":"pass","Package":"lsp-trace/internal/censuscontinuation","Test":"TestContinuationContractCaptureCeilingAndHistoricalCompatibility","Elapsed":0}
{"Time":"2026-09-21T12:58:40.289881-07:00","Action":"run","Package":"lsp-trace/internal/censuscontinuation","Test":"TestContinuationContractPersistedBeforeFirstCheckpoint"}
{"Time":"2026-09-21T12:58:40.289882-07:00","Action":"output","Package":"lsp-trace/internal/censuscontinuation","Test":"TestContinuationContractPersistedBeforeFirstCheckpoint","Output":"=== RUN   TestContinuationContractPersistedBeforeFirstCheckpoint\n"}
{"Time":"2026-09-21T12:58:41.332383-07:00","Action":"output","Package":"lsp-trace/internal/censuscontinuation","Test":"TestContinuationContractPersistedBeforeFirstCheckpoint","Output":"--- PASS: TestContinuationContractPersistedBeforeFirstCheckpoint (1.04s)\n"}
{"Time":"2026-09-21T12:58:41.332396-07:00","Action":"pass","Package":"lsp-trace/internal/censuscontinuation","Test":"TestContinuationContractPersistedBeforeFirstCheckpoint","Elapsed":1.04}
{"Time":"2026-09-21T12:58:41.332399-07:00","Action":"run","Package":"lsp-trace/internal/censuscontinuation","Test":"TestProgramCWitnessReplacesOpaqueStore"}
{"Time":"2026-09-21T12:58:41.3324-07:00","Action":"output","Package":"lsp-trace/internal/censuscontinuation","Test":"TestProgramCWitnessReplacesOpaqueStore","Output":"=== RUN   TestProgramCWitnessReplacesOpaqueStore\n"}
{"Time":"2026-09-21T12:58:41.995763-07:00","Action":"output","Package":"lsp-trace/internal/censuscontinuation","Test":"TestProgramCWitnessReplacesOpaqueStore","Output":"--- PASS: TestProgramCWitnessReplacesOpaqueStore (0.66s)\n"}
{"Time":"2026-09-21T12:58:41.995775-07:00","Action":"pass","Package":"lsp-trace/internal/censuscontinuation","Test":"TestProgramCWitnessReplacesOpaqueStore","Elapsed":0.66}
{"Time":"2026-09-21T12:58:41.995791-07:00","Action":"run","Package":"lsp-trace/internal/censuscontinuation","Test":"TestProgramCWitnessRejectsRecomputationMismatch"}
{"Time":"2026-09-21T12:58:41.995792-07:00","Action":"output","Package":"lsp-trace/internal/censuscontinuation","Test":"TestProgramCWitnessRejectsRecomputationMismatch","Output":"=== RUN   TestProgramCWitnessRejectsRecomputationMismatch\n"}
{"Time":"2026-09-21T12:58:42.612565-07:00","Action":"output","Package":"lsp-trace/internal/censuscontinuation","Test":"TestProgramCWitnessRejectsRecomputationMismatch","Output":"--- PASS: TestProgramCWitnessRejectsRecomputationMismatch (0.62s)\n"}
{"Time":"2026-09-21T12:58:42.612593-07:00","Action":"pass","Package":"lsp-trace/internal/censuscontinuation","Test":"TestProgramCWitnessRejectsRecomputationMismatch","Elapsed":0.62}
{"Time":"2026-09-21T12:58:42.612596-07:00","Action":"run","Package":"lsp-trace/internal/censuscontinuation","Test":"TestSourceBearingV4FreshSuccessThroughCatalogComposite"}
{"Time":"2026-09-21T12:58:42.612597-07:00","Action":"output","Package":"lsp-trace/internal/censuscontinuation","Test":"TestSourceBearingV4FreshSuccessThroughCatalogComposite","Output":"=== RUN   TestSourceBearingV4FreshSuccessThroughCatalogComposite\n"}
{"Time":"2026-09-21T12:58:47.254351-07:00","Action":"output","Package":"lsp-trace/internal/censuscontinuation","Test":"TestSourceBearingV4FreshSuccessThroughCatalogComposite","Output":"    pipeline_test.go:232: ASSERT_V4_FULL_FRESH_SUCCESS_CHAIN: checkpoint packet semantic mismatch []censuscontinuation.Checkpoint(nil)\n"}
{"Time":"2026-09-21T12:58:47.254889-07:00","Action":"output","Package":"lsp-trace/internal/censuscontinuation","Test":"TestSourceBearingV4FreshSuccessThroughCatalogComposite","Output":"--- FAIL: TestSourceBearingV4FreshSuccessThroughCatalogComposite (4.64s)\n"}
{"Time":"2026-09-21T12:58:47.254893-07:00","Action":"fail","Package":"lsp-trace/internal/censuscontinuation","Test":"TestSourceBearingV4FreshSuccessThroughCatalogComposite","Elapsed":4.64}
{"Time":"2026-09-21T12:58:47.254897-07:00","Action":"run","Package":"lsp-trace/internal/censuscontinuation","Test":"TestV5ReplayAfterWorkspaceDeletionAndEndpointSidecarTamper"}
{"Time":"2026-09-21T12:58:47.254898-07:00","Action":"output","Package":"lsp-trace/internal/censuscontinuation","Test":"TestV5ReplayAfterWorkspaceDeletionAndEndpointSidecarTamper","Output":"=== RUN   TestV5ReplayAfterWorkspaceDeletionAndEndpointSidecarTamper\n"}
{"Time":"2026-09-21T12:58:47.83579-07:00","Action":"output","Package":"lsp-trace/internal/censuscontinuation","Test":"TestV5ReplayAfterWorkspaceDeletionAndEndpointSidecarTamper","Output":"--- PASS: TestV5ReplayAfterWorkspaceDeletionAndEndpointSidecarTamper (0.58s)\n"}
{"Time":"2026-09-21T12:58:47.835803-07:00","Action":"pass","Package":"lsp-trace/internal/censuscontinuation","Test":"TestV5ReplayAfterWorkspaceDeletionAndEndpointSidecarTamper","Elapsed":0.58}
{"Time":"2026-09-21T12:58:47.835806-07:00","Action":"run","Package":"lsp-trace/internal/censuscontinuation","Test":"TestAllSelectedEndpointsUnavailableCommitsSidecarAndDegradedCatalog"}
{"Time":"2026-09-21T12:58:47.835806-07:00","Action":"output","Package":"lsp-trace/internal/censuscontinuation","Test":"TestAllSelectedEndpointsUnavailableCommitsSidecarAndDegradedCatalog","Output":"=== RUN   TestAllSelectedEndpointsUnavailableCommitsSidecarAndDegradedCatalog\n"}
{"Time":"2026-09-21T12:58:50.706546-07:00","Action":"output","Package":"lsp-trace/internal/censuscontinuation","Test":"TestAllSelectedEndpointsUnavailableCommitsSidecarAndDegradedCatalog","Output":"    pipeline_test.go:307: ASSERT_ALL_UNAVAILABLE_DEGRADED_CATALOG status=COMPLETE error=\u003cnil\u003e worker_calls=64\n"}
{"Time":"2026-09-21T12:58:50.707099-07:00","Action":"output","Package":"lsp-trace/internal/censuscontinuation","Test":"TestAllSelectedEndpointsUnavailableCommitsSidecarAndDegradedCatalog","Output":"--- FAIL: TestAllSelectedEndpointsUnavailableCommitsSidecarAndDegradedCatalog (2.87s)\n"}
{"Time":"2026-09-21T12:58:50.707104-07:00","Action":"fail","Package":"lsp-trace/internal/censuscontinuation","Test":"TestAllSelectedEndpointsUnavailableCommitsSidecarAndDegradedCatalog","Elapsed":2.87}
{"Time":"2026-09-21T12:58:50.707112-07:00","Action":"run","Package":"lsp-trace/internal/censuscontinuation","Test":"TestResumeFromEveryCommittedStage"}
{"Time":"2026-09-21T12:58:50.707113-07:00","Action":"output","Package":"lsp-trace/internal/censuscontinuation","Test":"TestResumeFromEveryCommittedStage","Output":"=== RUN   TestResumeFromEveryCommittedStage\n"}
{"Time":"2026-09-21T12:58:53.504483-07:00","Action":"output","Package":"lsp-trace/internal/censuscontinuation","Test":"TestResumeFromEveryCommittedStage","Output":"    pipeline_test.go:343: checkpoint packet semantic mismatch\n"}
{"Time":"2026-09-21T12:58:53.505018-07:00","Action":"output","Package":"lsp-trace/internal/censuscontinuation","Test":"TestResumeFromEveryCommittedStage","Output":"--- FAIL: TestResumeFromEveryCommittedStage (2.80s)\n"}
{"Time":"2026-09-21T12:58:53.505023-07:00","Action":"fail","Package":"lsp-trace/internal/censuscontinuation","Test":"TestResumeFromEveryCommittedStage","Elapsed":2.8}
{"Time":"2026-09-21T12:58:53.505026-07:00","Action":"run","Package":"lsp-trace/internal/censuscontinuation","Test":"TestResumeBeforeCaptureRequiresFreshWorkspaceWithoutAmbientFallback"}
{"Time":"2026-09-21T12:58:53.505028-07:00","Action":"output","Package":"lsp-trace/internal/censuscontinuation","Test":"TestResumeBeforeCaptureRequiresFreshWorkspaceWithoutAmbientFallback","Output":"=== RUN   TestResumeBeforeCaptureRequiresFreshWorkspaceWithoutAmbientFallback\n"}
{"Time":"2026-09-21T12:58:54.019007-07:00","Action":"output","Package":"lsp-trace/internal/censuscontinuation","Test":"TestResumeBeforeCaptureRequiresFreshWorkspaceWithoutAmbientFallback","Output":"--- PASS: TestResumeBeforeCaptureRequiresFreshWorkspaceWithoutAmbientFallback (0.51s)\n"}
{"Time":"2026-09-21T12:58:54.019019-07:00","Action":"pass","Package":"lsp-trace/internal/censuscontinuation","Test":"TestResumeBeforeCaptureRequiresFreshWorkspaceWithoutAmbientFallback","Elapsed":0.51}
{"Time":"2026-09-21T12:58:54.01903-07:00","Action":"run","Package":"lsp-trace/internal/censuscontinuation","Test":"TestPipelineV2FreshResumeNoV1NoRerunIdentityConvergence"}
{"Time":"2026-09-21T12:58:54.019032-07:00","Action":"output","Package":"lsp-trace/internal/censuscontinuation","Test":"TestPipelineV2FreshResumeNoV1NoRerunIdentityConvergence","Output":"=== RUN   TestPipelineV2FreshResumeNoV1NoRerunIdentityConvergence\n"}
{"Time":"2026-09-21T12:58:57.452594-07:00","Action":"output","Package":"lsp-trace/internal/censuscontinuation","Test":"TestPipelineV2FreshResumeNoV1NoRerunIdentityConvergence","Output":"    pipeline_v2_test.go:62: ASSERT_PIPELINE_V2_RESUME_IDENTITY_NO_RERUN: fresh={Status:COMPLETE CensusID:census:b41aa0de3936066a2febd9317de35279b61b9628f2d20c83e34ff46b74bb0905 HandoffID:sha256:bec94475c4e5a06e1b356f8e45dc6f8ccc3ed350b511619834d830476ca49981 CheckpointID:sha256:ce85249ce5c6e66c06f59ae769d17782c85fe0fabd10d5698d21e65e89fee2f2 CatalogSelector:sha256:1aeb3ca581837109128c35347f6f93eafef87a15ba9c5ff4cb23ed83c8b65cea Composite:{wire:{SchemaVersion:lsp-trace.census-continuation-composite.v1 CompositeID:sha256:b582ea9e543c1d450bdf420ede1f26b447d608143e94c78d94b6ec2249f93af7 CensusID:census:b41aa0de3936066a2febd9317de35279b61b9628f2d20c83e34ff46b74bb0905 HandoffID:sha256:bec94475c4e5a06e1b356f8e45dc6f8ccc3ed350b511619834d830476ca49981 CatalogID:sha256:61b40c66c1a6302baeb9949a1aed4fb122660d82027e0ade858d53b37fa15951 CatalogStatus:COMPLETE CheckpointSelector:sha256:ad2e5fe5cbf9eaac52e71d3b332fd3369b8ced3c10554af3f8b2338f90cf773f Authority:0 Accepted:false Completeness:UNKNOWN}} PrivateStage: PrivateCode"}
{"Time":"2026-09-21T12:58:57.452609-07:00","Action":"output","Package":"lsp-trace/internal/censuscontinuation","Test":"TestPipelineV2FreshResumeNoV1NoRerunIdentityConvergence","Output":": PrivateSubcode: PrivateResourceComponent: PrivateResourceCategory: PrivateResourceLimit:0 PrivateResourceObserved:0 HandoffBytes:0 MaxObjectBytes:0 InvocationCanonicalBytes:0 ResponsePresent:false RequestCount:0 PreparationCount:0 ResponseBytes:0 WorkerCompositeBytes:0 WorkerStoreCap:0 InvocationStage: InvocationStatus: InvocationCode: Err:\u003cnil\u003e checkpoint:{wire:{SchemaVersion: CheckpointID: PriorCheckpointID: Stage: CensusID: HandoffID: ContractID: ProfileID: Artifacts:[] Authority:0 Accepted:false Completeness: Status: Diagnostics:[]} legacy:false}} resumed={Status: CensusID: HandoffID: CheckpointID: CatalogSelector: Composite:{wire:{SchemaVersion: CompositeID: CensusID: HandoffID: CatalogID: CatalogStatus: CheckpointSelector: Authority:0 Accepted:false Completeness:}} PrivateStage: PrivateCode: PrivateSubcode: PrivateResourceComponent: PrivateResourceCategory: PrivateResourceLimit:0 PrivateResourceObserved:0 HandoffBytes:0 MaxObjectBytes:0 InvocationCanonicalBytes:0 ResponsePresent:false RequestCount:0 P"}
{"Time":"2026-09-21T12:58:57.452618-07:00","Action":"output","Package":"lsp-trace/internal/censuscontinuation","Test":"TestPipelineV2FreshResumeNoV1NoRerunIdentityConvergence","Output":"reparationCount:0 ResponseBytes:0 WorkerCompositeBytes:0 WorkerStoreCap:0 InvocationStage: InvocationStatus: InvocationCode: Err:continuation validation failed checkpoint:{wire:{SchemaVersion: CheckpointID: PriorCheckpointID: Stage: CensusID: HandoffID: ContractID: ProfileID: Artifacts:[] Authority:0 Accepted:false Completeness: Status: Diagnostics:[]} legacy:false}} calls=64/64\n"}
{"Time":"2026-09-21T12:58:57.453116-07:00","Action":"output","Package":"lsp-trace/internal/censuscontinuation","Test":"TestPipelineV2FreshResumeNoV1NoRerunIdentityConvergence","Output":"--- FAIL: TestPipelineV2FreshResumeNoV1NoRerunIdentityConvergence (3.43s)\n"}
{"Time":"2026-09-21T12:58:57.45312-07:00","Action":"fail","Package":"lsp-trace/internal/censuscontinuation","Test":"TestPipelineV2FreshResumeNoV1NoRerunIdentityConvergence","Elapsed":3.43}
{"Time":"2026-09-21T12:58:57.453124-07:00","Action":"run","Package":"lsp-trace/internal/censuscontinuation","Test":"TestPipelineV2ZeroRequestsAndVersionRejection"}
{"Time":"2026-09-21T12:58:57.453126-07:00","Action":"output","Package":"lsp-trace/internal/censuscontinuation","Test":"TestPipelineV2ZeroRequestsAndVersionRejection","Output":"=== RUN   TestPipelineV2ZeroRequestsAndVersionRejection\n"}
{"Time":"2026-09-21T12:59:00.341696-07:00","Action":"output","Package":"lsp-trace/internal/censuscontinuation","Test":"TestPipelineV2ZeroRequestsAndVersionRejection","Output":"    pipeline_v2_test.go:81: ASSERT_PIPELINE_V2_ZERO_REQUESTS: {Status:COMPLETE CensusID:census:b41aa0de3936066a2febd9317de35279b61b9628f2d20c83e34ff46b74bb0905 HandoffID:sha256:78757ae78804b12343b96f010bd717e7bf9f545a0fa23d559327c6bf6c312b9c CheckpointID:sha256:c095377dc45edb8a5e9cacc17fabce9f9ce35c222c96aef2d74378f197edfa4b CatalogSelector:sha256:c7ff60e75bb90248279199613edaf3e0ed68c5f41215f2f75fe0d002bb79cbc1 Composite:{wire:{SchemaVersion:lsp-trace.census-continuation-composite.v1 CompositeID:sha256:45e16f1a6264e4a3e8858d62bbe52f446636434ba7ce810df4c93922757031be CensusID:census:b41aa0de3936066a2febd9317de35279b61b9628f2d20c83e34ff46b74bb0905 HandoffID:sha256:78757ae78804b12343b96f010bd717e7bf9f545a0fa23d559327c6bf6c312b9c CatalogID:sha256:4442b37829c1c86508aa4259814b7a6437ced976bc9a6e30bbcd592cf067c4ac CatalogStatus:COMPLETE CheckpointSelector:sha256:a03a0706deec1042e74178129538e927c8a0a272752434908a609aff76381a64 Authority:0 Accepted:false Completeness:UNKNOWN}} PrivateStage: PrivateCode: PrivateSubcode:"}
{"Time":"2026-09-21T12:59:00.34171-07:00","Action":"output","Package":"lsp-trace/internal/censuscontinuation","Test":"TestPipelineV2ZeroRequestsAndVersionRejection","Output":" PrivateResourceComponent: PrivateResourceCategory: PrivateResourceLimit:0 PrivateResourceObserved:0 HandoffBytes:0 MaxObjectBytes:0 InvocationCanonicalBytes:0 ResponsePresent:false RequestCount:0 PreparationCount:0 ResponseBytes:0 WorkerCompositeBytes:0 WorkerStoreCap:0 InvocationStage: InvocationStatus: InvocationCode: Err:\u003cnil\u003e checkpoint:{wire:{SchemaVersion: CheckpointID: PriorCheckpointID: Stage: CensusID: HandoffID: ContractID: ProfileID: Artifacts:[] Authority:0 Accepted:false Completeness: Status: Diagnostics:[]} legacy:false}} calls=64\n"}
{"Time":"2026-09-21T12:59:00.342206-07:00","Action":"output","Package":"lsp-trace/internal/censuscontinuation","Test":"TestPipelineV2ZeroRequestsAndVersionRejection","Output":"--- FAIL: TestPipelineV2ZeroRequestsAndVersionRejection (2.89s)\n"}
{"Time":"2026-09-21T12:59:00.34221-07:00","Action":"fail","Package":"lsp-trace/internal/censuscontinuation","Test":"TestPipelineV2ZeroRequestsAndVersionRejection","Elapsed":2.89}
{"Time":"2026-09-21T12:59:00.342213-07:00","Action":"run","Package":"lsp-trace/internal/censuscontinuation","Test":"TestProductionCaptureLimitsAdmitRetainedNominationTier"}
{"Time":"2026-09-21T12:59:00.342215-07:00","Action":"output","Package":"lsp-trace/internal/censuscontinuation","Test":"TestProductionCaptureLimitsAdmitRetainedNominationTier","Output":"=== RUN   TestProductionCaptureLimitsAdmitRetainedNominationTier\n"}
{"Time":"2026-09-21T12:59:00.342216-07:00","Action":"output","Package":"lsp-trace/internal/censuscontinuation","Test":"TestProductionCaptureLimitsAdmitRetainedNominationTier","Output":"--- PASS: TestProductionCaptureLimitsAdmitRetainedNominationTier (0.00s)\n"}
{"Time":"2026-09-21T12:59:00.342218-07:00","Action":"pass","Package":"lsp-trace/internal/censuscontinuation","Test":"TestProductionCaptureLimitsAdmitRetainedNominationTier","Elapsed":0}
{"Time":"2026-09-21T12:59:00.34222-07:00","Action":"run","Package":"lsp-trace/internal/censuscontinuation","Test":"TestApplyPrivateResourceLimit"}
{"Time":"2026-09-21T12:59:00.342221-07:00","Action":"output","Package":"lsp-trace/internal/censuscontinuation","Test":"TestApplyPrivateResourceLimit","Output":"=== RUN   TestApplyPrivateResourceLimit\n"}
{"Time":"2026-09-21T12:59:00.342223-07:00","Action":"output","Package":"lsp-trace/internal/censuscontinuation","Test":"TestApplyPrivateResourceLimit","Output":"--- PASS: TestApplyPrivateResourceLimit (0.00s)\n"}
{"Time":"2026-09-21T12:59:00.342225-07:00","Action":"pass","Package":"lsp-trace/internal/censuscontinuation","Test":"TestApplyPrivateResourceLimit","Elapsed":0}
{"Time":"2026-09-21T12:59:00.342227-07:00","Action":"run","Package":"lsp-trace/internal/censuscontinuation","Test":"TestRecoveryChainRejectsStageSkip"}
{"Time":"2026-09-21T12:59:00.342228-07:00","Action":"output","Package":"lsp-trace/internal/censuscontinuation","Test":"TestRecoveryChainRejectsStageSkip","Output":"=== RUN   TestRecoveryChainRejectsStageSkip\n"}
{"Time":"2026-09-21T12:59:00.342391-07:00","Action":"output","Package":"lsp-trace/internal/censuscontinuation","Test":"TestRecoveryChainRejectsStageSkip","Output":"--- PASS: TestRecoveryChainRejectsStageSkip (0.00s)\n"}
{"Time":"2026-09-21T12:59:00.342394-07:00","Action":"pass","Package":"lsp-trace/internal/censuscontinuation","Test":"TestRecoveryChainRejectsStageSkip","Elapsed":0}
{"Time":"2026-09-21T12:59:00.342395-07:00","Action":"run","Package":"lsp-trace/internal/censuscontinuation","Test":"TestConcurrentResumeConvergesWithoutRerunningCompletedStages"}
{"Time":"2026-09-21T12:59:00.342396-07:00","Action":"output","Package":"lsp-trace/internal/censuscontinuation","Test":"TestConcurrentResumeConvergesWithoutRerunningCompletedStages","Output":"=== RUN   TestConcurrentResumeConvergesWithoutRerunningCompletedStages\n"}
{"Time":"2026-09-21T12:59:03.21818-07:00","Action":"output","Package":"lsp-trace/internal/censuscontinuation","Test":"TestConcurrentResumeConvergesWithoutRerunningCompletedStages","Output":"    recovery_hardening_test.go:84: checkpoint packet semantic mismatch\n"}
{"Time":"2026-09-21T12:59:03.218706-07:00","Action":"output","Package":"lsp-trace/internal/censuscontinuation","Test":"TestConcurrentResumeConvergesWithoutRerunningCompletedStages","Output":"--- FAIL: TestConcurrentResumeConvergesWithoutRerunningCompletedStages (2.88s)\n"}
{"Time":"2026-09-21T12:59:03.21871-07:00","Action":"fail","Package":"lsp-trace/internal/censuscontinuation","Test":"TestConcurrentResumeConvergesWithoutRerunningCompletedStages","Elapsed":2.88}
{"Time":"2026-09-21T12:59:03.218714-07:00","Action":"run","Package":"lsp-trace/internal/censuscontinuation","Test":"TestRecoveryChainRejectsContractSubstitution"}
{"Time":"2026-09-21T12:59:03.218715-07:00","Action":"output","Package":"lsp-trace/internal/censuscontinuation","Test":"TestRecoveryChainRejectsContractSubstitution","Output":"=== RUN   TestRecoveryChainRejectsContractSubstitution\n"}
{"Time":"2026-09-21T12:59:03.218831-07:00","Action":"output","Package":"lsp-trace/internal/censuscontinuation","Test":"TestRecoveryChainRejectsContractSubstitution","Output":"--- PASS: TestRecoveryChainRejectsContractSubstitution (0.00s)\n"}
{"Time":"2026-09-21T12:59:03.218834-07:00","Action":"pass","Package":"lsp-trace/internal/censuscontinuation","Test":"TestRecoveryChainRejectsContractSubstitution","Elapsed":0}
{"Time":"2026-09-21T12:59:03.218835-07:00","Action":"run","Package":"lsp-trace/internal/censuscontinuation","Test":"TestRetainedV6FailureReferenceAndOptionalImmutableReplay"}
{"Time":"2026-09-21T12:59:03.218836-07:00","Action":"output","Package":"lsp-trace/internal/censuscontinuation","Test":"TestRetainedV6FailureReferenceAndOptionalImmutableReplay","Output":"=== RUN   TestRetainedV6FailureReferenceAndOptionalImmutableReplay\n"}
{"Time":"2026-09-21T12:59:03.218907-07:00","Action":"output","Package":"lsp-trace/internal/censuscontinuation","Test":"TestRetainedV6FailureReferenceAndOptionalImmutableReplay","Output":"    retained_v6_fixture_test.go:56: set LSP_TRACE_RETAINED_V6_FIXTURE_ROOT for immutable retained replay\n"}
{"Time":"2026-09-21T12:59:03.21891-07:00","Action":"output","Package":"lsp-trace/internal/censuscontinuation","Test":"TestRetainedV6FailureReferenceAndOptionalImmutableReplay","Output":"--- SKIP: TestRetainedV6FailureReferenceAndOptionalImmutableReplay (0.00s)\n"}
{"Time":"2026-09-21T12:59:03.218911-07:00","Action":"skip","Package":"lsp-trace/internal/censuscontinuation","Test":"TestRetainedV6FailureReferenceAndOptionalImmutableReplay","Elapsed":0}
{"Time":"2026-09-21T12:59:03.218913-07:00","Action":"run","Package":"lsp-trace/internal/censuscontinuation","Test":"TestBoundedRetryHistoryFailureResumeAndIdempotence"}
{"Time":"2026-09-21T12:59:03.218913-07:00","Action":"output","Package":"lsp-trace/internal/censuscontinuation","Test":"TestBoundedRetryHistoryFailureResumeAndIdempotence","Output":"=== RUN   TestBoundedRetryHistoryFailureResumeAndIdempotence\n"}
{"Time":"2026-09-21T12:59:05.968039-07:00","Action":"output","Package":"lsp-trace/internal/censuscontinuation","Test":"TestBoundedRetryHistoryFailureResumeAndIdempotence","Output":"    retry_history_test.go:69: ASSERT_RETRY_HISTORY_FIRST_FAILURE_PERSISTED: chain=checkpoint packet semantic mismatch\n"}
{"Time":"2026-09-21T12:59:05.968554-07:00","Action":"output","Package":"lsp-trace/internal/censuscontinuation","Test":"TestBoundedRetryHistoryFailureResumeAndIdempotence","Output":"--- FAIL: TestBoundedRetryHistoryFailureResumeAndIdempotence (2.75s)\n"}
{"Time":"2026-09-21T12:59:05.968559-07:00","Action":"fail","Package":"lsp-trace/internal/censuscontinuation","Test":"TestBoundedRetryHistoryFailureResumeAndIdempotence","Elapsed":2.75}
{"Time":"2026-09-21T12:59:05.968563-07:00","Action":"run","Package":"lsp-trace/internal/censuscontinuation","Test":"TestRetrySelectionConcurrentSmall"}
{"Time":"2026-09-21T12:59:05.968564-07:00","Action":"output","Package":"lsp-trace/internal/censuscontinuation","Test":"TestRetrySelectionConcurrentSmall","Output":"=== RUN   TestRetrySelectionConcurrentSmall\n"}
{"Time":"2026-09-21T12:59:05.968719-07:00","Action":"output","Package":"lsp-trace/internal/censuscontinuation","Test":"TestRetrySelectionConcurrentSmall","Output":"--- PASS: TestRetrySelectionConcurrentSmall (0.00s)\n"}
{"Time":"2026-09-21T12:59:05.968722-07:00","Action":"pass","Package":"lsp-trace/internal/censuscontinuation","Test":"TestRetrySelectionConcurrentSmall","Elapsed":0}
{"Time":"2026-09-21T12:59:05.968723-07:00","Action":"run","Package":"lsp-trace/internal/censuscontinuation","Test":"TestEveryStageFailureAndCancellationRecoveryMatrix"}
{"Time":"2026-09-21T12:59:05.968724-07:00","Action":"output","Package":"lsp-trace/internal/censuscontinuation","Test":"TestEveryStageFailureAndCancellationRecoveryMatrix","Output":"=== RUN   TestEveryStageFailureAndCancellationRecoveryMatrix\n"}
{"Time":"2026-09-21T12:59:06.289168-07:00","Action":"run","Package":"lsp-trace/internal/censuscontinuation","Test":"TestEveryStageFailureAndCancellationRecoveryMatrix/PROGRAM_C_COMPUTED/failure"}
{"Time":"2026-09-21T12:59:06.289181-07:00","Action":"output","Package":"lsp-trace/internal/censuscontinuation","Test":"TestEveryStageFailureAndCancellationRecoveryMatrix/PROGRAM_C_COMPUTED/failure","Output":"=== RUN   TestEveryStageFailureAndCancellationRecoveryMatrix/PROGRAM_C_COMPUTED/failure\n"}
{"Time":"2026-09-21T12:59:09.047063-07:00","Action":"output","Package":"lsp-trace/internal/censuscontinuation","Test":"TestEveryStageFailureAndCancellationRecoveryMatrix/PROGRAM_C_COMPUTED/failure","Output":"--- PASS: TestEveryStageFailureAndCancellationRecoveryMatrix/PROGRAM_C_COMPUTED/failure (2.76s)\n"}
{"Time":"2026-09-21T12:59:09.047078-07:00","Action":"pass","Package":"lsp-trace/internal/censuscontinuation","Test":"TestEveryStageFailureAndCancellationRecoveryMatrix/PROGRAM_C_COMPUTED/failure","Elapsed":2.76}
{"Time":"2026-09-21T12:59:09.047081-07:00","Action":"run","Package":"lsp-trace/internal/censuscontinuation","Test":"TestEveryStageFailureAndCancellationRecoveryMatrix/PROGRAM_C_COMPUTED/cancel"}
{"Time":"2026-09-21T12:59:09.047082-07:00","Action":"output","Package":"lsp-trace/internal/censuscontinuation","Test":"TestEveryStageFailureAndCancellationRecoveryMatrix/PROGRAM_C_COMPUTED/cancel","Output":"=== RUN   TestEveryStageFailureAndCancellationRecoveryMatrix/PROGRAM_C_COMPUTED/cancel\n"}
{"Time":"2026-09-21T12:59:11.809901-07:00","Action":"output","Package":"lsp-trace/internal/censuscontinuation","Test":"TestEveryStageFailureAndCancellationRecoveryMatrix/PROGRAM_C_COMPUTED/cancel","Output":"--- PASS: TestEveryStageFailureAndCancellationRecoveryMatrix/PROGRAM_C_COMPUTED/cancel (2.76s)\n"}
{"Time":"2026-09-21T12:59:11.809914-07:00","Action":"pass","Package":"lsp-trace/internal/censuscontinuation","Test":"TestEveryStageFailureAndCancellationRecoveryMatrix/PROGRAM_C_COMPUTED/cancel","Elapsed":2.76}
{"Time":"2026-09-21T12:59:11.809917-07:00","Action":"run","Package":"lsp-trace/internal/censuscontinuation","Test":"TestEveryStageFailureAndCancellationRecoveryMatrix/SNAPSHOTS_CAPTURED/failure"}
{"Time":"2026-09-21T12:59:11.80992-07:00","Action":"output","Package":"lsp-trace/internal/censuscontinuation","Test":"TestEveryStageFailureAndCancellationRecoveryMatrix/SNAPSHOTS_CAPTURED/failure","Output":"=== RUN   TestEveryStageFailureAndCancellationRecoveryMatrix/SNAPSHOTS_CAPTURED/failure\n"}
{"Time":"2026-09-21T12:59:13.281963-07:00","Action":"output","Package":"lsp-trace/internal/censuscontinuation","Test":"TestEveryStageFailureAndCancellationRecoveryMatrix/SNAPSHOTS_CAPTURED/failure","Output":"    stage_matrix_test.go:45: ASSERT_STAGE_RESUMABLE_SNAPSHOTS_CAPTURED: {Status:FAILED_PACKET CensusID:census:b41aa0de3936066a2febd9317de35279b61b9628f2d20c83e34ff46b74bb0905 HandoffID:sha256:db9fe50d35aef6a9fc977617237a9eea144d897232b24cc79bb59bd9e70f714a CheckpointID:sha256:8f6bb1343ee4bf08b426f26a2fcd804131e7ff5429929b508dc0cfa9b94aee30 CatalogSelector: Composite:{wire:{SchemaVersion: CompositeID: CensusID: HandoffID: CatalogID: CatalogStatus: CheckpointSelector: Authority:0 Accepted:false Completeness:}} PrivateStage: PrivateCode: PrivateSubcode: PrivateResourceComponent: PrivateResourceCategory: PrivateResourceLimit:0 PrivateResourceObserved:0 HandoffBytes:0 MaxObjectBytes:0 InvocationCanonicalBytes:0 ResponsePresent:false RequestCount:0 PreparationCount:0 ResponseBytes:0 WorkerCompositeBytes:0 WorkerStoreCap:0 InvocationStage: InvocationStatus: InvocationCode: Err:FAILED_PACKET:PACKET checkpoint:{wire:{SchemaVersion: CheckpointID: PriorCheckpointID: Stage: CensusID: HandoffID: ContractID: ProfileID: Art"}
{"Time":"2026-09-21T12:59:13.281978-07:00","Action":"output","Package":"lsp-trace/internal/censuscontinuation","Test":"TestEveryStageFailureAndCancellationRecoveryMatrix/SNAPSHOTS_CAPTURED/failure","Output":"ifacts:[] Authority:0 Accepted:false Completeness: Status: Diagnostics:[]} legacy:false}}\n"}
{"Time":"2026-09-21T12:59:13.281982-07:00","Action":"output","Package":"lsp-trace/internal/censuscontinuation","Test":"TestEveryStageFailureAndCancellationRecoveryMatrix/SNAPSHOTS_CAPTURED/failure","Output":"--- FAIL: TestEveryStageFailureAndCancellationRecoveryMatrix/SNAPSHOTS_CAPTURED/failure (1.47s)\n"}
{"Time":"2026-09-21T12:59:13.281984-07:00","Action":"fail","Package":"lsp-trace/internal/censuscontinuation","Test":"TestEveryStageFailureAndCancellationRecoveryMatrix/SNAPSHOTS_CAPTURED/failure","Elapsed":1.47}
{"Time":"2026-09-21T12:59:13.282008-07:00","Action":"run","Package":"lsp-trace/internal/censuscontinuation","Test":"TestEveryStageFailureAndCancellationRecoveryMatrix/SNAPSHOTS_CAPTURED/cancel"}
{"Time":"2026-09-21T12:59:13.28201-07:00","Action":"output","Package":"lsp-trace/internal/censuscontinuation","Test":"TestEveryStageFailureAndCancellationRecoveryMatrix/SNAPSHOTS_CAPTURED/cancel","Output":"=== RUN   TestEveryStageFailureAndCancellationRecoveryMatrix/SNAPSHOTS_CAPTURED/cancel\n"}
{"Time":"2026-09-21T12:59:14.754823-07:00","Action":"output","Package":"lsp-trace/internal/censuscontinuation","Test":"TestEveryStageFailureAndCancellationRecoveryMatrix/SNAPSHOTS_CAPTURED/cancel","Output":"    stage_matrix_test.go:59: ASSERT_STAGE_RESUMABLE_SNAPSHOTS_CAPTURED: {Status:FAILED_PACKET CensusID:census:b41aa0de3936066a2febd9317de35279b61b9628f2d20c83e34ff46b74bb0905 HandoffID:sha256:db9fe50d35aef6a9fc977617237a9eea144d897232b24cc79bb59bd9e70f714a CheckpointID:sha256:fd666286453778d9b7ccb8294f059dd4491ed32fe9801cf951604a0b4f653f38 CatalogSelector: Composite:{wire:{SchemaVersion: CompositeID: CensusID: HandoffID: CatalogID: CatalogStatus: CheckpointSelector: Authority:0 Accepted:false Completeness:}} PrivateStage: PrivateCode: PrivateSubcode: PrivateResourceComponent: PrivateResourceCategory: PrivateResourceLimit:0 PrivateResourceObserved:0 HandoffBytes:0 MaxObjectBytes:0 InvocationCanonicalBytes:0 ResponsePresent:false RequestCount:0 PreparationCount:0 ResponseBytes:0 WorkerCompositeBytes:0 WorkerStoreCap:0 InvocationStage: InvocationStatus: InvocationCode: Err:FAILED_PACKET:PACKET checkpoint:{wire:{SchemaVersion: CheckpointID: PriorCheckpointID: Stage: CensusID: HandoffID: ContractID: ProfileID: Art"}
{"Time":"2026-09-21T12:59:14.754859-07:00","Action":"output","Package":"lsp-trace/internal/censuscontinuation","Test":"TestEveryStageFailureAndCancellationRecoveryMatrix/SNAPSHOTS_CAPTURED/cancel","Output":"ifacts:[] Authority:0 Accepted:false Completeness: Status: Diagnostics:[]} legacy:false}}\n"}
{"Time":"2026-09-21T12:59:14.754865-07:00","Action":"output","Package":"lsp-trace/internal/censuscontinuation","Test":"TestEveryStageFailureAndCancellationRecoveryMatrix/SNAPSHOTS_CAPTURED/cancel","Output":"--- FAIL: TestEveryStageFailureAndCancellationRecoveryMatrix/SNAPSHOTS_CAPTURED/cancel (1.47s)\n"}
{"Time":"2026-09-21T12:59:14.754866-07:00","Action":"fail","Package":"lsp-trace/internal/censuscontinuation","Test":"TestEveryStageFailureAndCancellationRecoveryMatrix/SNAPSHOTS_CAPTURED/cancel","Elapsed":1.47}
{"Time":"2026-09-21T12:59:14.754869-07:00","Action":"run","Package":"lsp-trace/internal/censuscontinuation","Test":"TestEveryStageFailureAndCancellationRecoveryMatrix/PACKETS_PREPARED/failure"}
{"Time":"2026-09-21T12:59:14.75487-07:00","Action":"output","Package":"lsp-trace/internal/censuscontinuation","Test":"TestEveryStageFailureAndCancellationRecoveryMatrix/PACKETS_PREPARED/failure","Output":"=== RUN   TestEveryStageFailureAndCancellationRecoveryMatrix/PACKETS_PREPARED/failure\n"}
{"Time":"2026-09-21T12:59:17.20459-07:00","Action":"output","Package":"lsp-trace/internal/censuscontinuation","Test":"TestEveryStageFailureAndCancellationRecoveryMatrix/PACKETS_PREPARED/failure","Output":"    stage_matrix_test.go:45: checkpoint packet semantic mismatch\n"}
{"Time":"2026-09-21T12:59:17.204607-07:00","Action":"output","Package":"lsp-trace/internal/censuscontinuation","Test":"TestEveryStageFailureAndCancellationRecoveryMatrix/PACKETS_PREPARED/failure","Output":"--- FAIL: TestEveryStageFailureAndCancellationRecoveryMatrix/PACKETS_PREPARED/failure (2.45s)\n"}
{"Time":"2026-09-21T12:59:17.204609-07:00","Action":"fail","Package":"lsp-trace/internal/censuscontinuation","Test":"TestEveryStageFailureAndCancellationRecoveryMatrix/PACKETS_PREPARED/failure","Elapsed":2.45}
{"Time":"2026-09-21T12:59:17.204612-07:00","Action":"run","Package":"lsp-trace/internal/censuscontinuation","Test":"TestEveryStageFailureAndCancellationRecoveryMatrix/PACKETS_PREPARED/cancel"}
{"Time":"2026-09-21T12:59:17.204614-07:00","Action":"output","Package":"lsp-trace/internal/censuscontinuation","Test":"TestEveryStageFailureAndCancellationRecoveryMatrix/PACKETS_PREPARED/cancel","Output":"=== RUN   TestEveryStageFailureAndCancellationRecoveryMatrix/PACKETS_PREPARED/cancel\n"}
{"Time":"2026-09-21T12:59:19.64825-07:00","Action":"output","Package":"lsp-trace/internal/censuscontinuation","Test":"TestEveryStageFailureAndCancellationRecoveryMatrix/PACKETS_PREPARED/cancel","Output":"    stage_matrix_test.go:59: checkpoint packet semantic mismatch\n"}
{"Time":"2026-09-21T12:59:19.648267-07:00","Action":"output","Package":"lsp-trace/internal/censuscontinuation","Test":"TestEveryStageFailureAndCancellationRecoveryMatrix/PACKETS_PREPARED/cancel","Output":"--- FAIL: TestEveryStageFailureAndCancellationRecoveryMatrix/PACKETS_PREPARED/cancel (2.44s)\n"}
{"Time":"2026-09-21T12:59:19.648269-07:00","Action":"fail","Package":"lsp-trace/internal/censuscontinuation","Test":"TestEveryStageFailureAndCancellationRecoveryMatrix/PACKETS_PREPARED/cancel","Elapsed":2.44}
{"Time":"2026-09-21T12:59:19.648286-07:00","Action":"run","Package":"lsp-trace/internal/censuscontinuation","Test":"TestEveryStageFailureAndCancellationRecoveryMatrix/REQUESTS_RENDERED/failure"}
{"Time":"2026-09-21T12:59:19.648291-07:00","Action":"output","Package":"lsp-trace/internal/censuscontinuation","Test":"TestEveryStageFailureAndCancellationRecoveryMatrix/REQUESTS_RENDERED/failure","Output":"=== RUN   TestEveryStageFailureAndCancellationRecoveryMatrix/REQUESTS_RENDERED/failure\n"}
{"Time":"2026-09-21T12:59:22.116355-07:00","Action":"output","Package":"lsp-trace/internal/censuscontinuation","Test":"TestEveryStageFailureAndCancellationRecoveryMatrix/REQUESTS_RENDERED/failure","Output":"    stage_matrix_test.go:45: checkpoint packet semantic mismatch\n"}
{"Time":"2026-09-21T12:59:22.116372-07:00","Action":"output","Package":"lsp-trace/internal/censuscontinuation","Test":"TestEveryStageFailureAndCancellationRecoveryMatrix/REQUESTS_RENDERED/failure","Output":"--- FAIL: TestEveryStageFailureAndCancellationRecoveryMatrix/REQUESTS_RENDERED/failure (2.47s)\n"}
{"Time":"2026-09-21T12:59:22.116374-07:00","Action":"fail","Package":"lsp-trace/internal/censuscontinuation","Test":"TestEveryStageFailureAndCancellationRecoveryMatrix/REQUESTS_RENDERED/failure","Elapsed":2.47}
{"Time":"2026-09-21T12:59:22.116378-07:00","Action":"run","Package":"lsp-trace/internal/censuscontinuation","Test":"TestEveryStageFailureAndCancellationRecoveryMatrix/REQUESTS_RENDERED/cancel"}
{"Time":"2026-09-21T12:59:22.116379-07:00","Action":"output","Package":"lsp-trace/internal/censuscontinuation","Test":"TestEveryStageFailureAndCancellationRecoveryMatrix/REQUESTS_RENDERED/cancel","Output":"=== RUN   TestEveryStageFailureAndCancellationRecoveryMatrix/REQUESTS_RENDERED/cancel\n"}
{"Time":"2026-09-21T12:59:24.57875-07:00","Action":"output","Package":"lsp-trace/internal/censuscontinuation","Test":"TestEveryStageFailureAndCancellationRecoveryMatrix/REQUESTS_RENDERED/cancel","Output":"    stage_matrix_test.go:59: checkpoint packet semantic mismatch\n"}
{"Time":"2026-09-21T12:59:24.578782-07:00","Action":"output","Package":"lsp-trace/internal/censuscontinuation","Test":"TestEveryStageFailureAndCancellationRecoveryMatrix/REQUESTS_RENDERED/cancel","Output":"--- FAIL: TestEveryStageFailureAndCancellationRecoveryMatrix/REQUESTS_RENDERED/cancel (2.46s)\n"}
{"Time":"2026-09-21T12:59:24.578785-07:00","Action":"fail","Package":"lsp-trace/internal/censuscontinuation","Test":"TestEveryStageFailureAndCancellationRecoveryMatrix/REQUESTS_RENDERED/cancel","Elapsed":2.46}
{"Time":"2026-09-21T12:59:24.578788-07:00","Action":"run","Package":"lsp-trace/internal/censuscontinuation","Test":"TestEveryStageFailureAndCancellationRecoveryMatrix/DESCRIBE_COMPLETE/failure"}
{"Time":"2026-09-21T12:59:24.578789-07:00","Action":"output","Package":"lsp-trace/internal/censuscontinuation","Test":"TestEveryStageFailureAndCancellationRecoveryMatrix/DESCRIBE_COMPLETE/failure","Output":"=== RUN   TestEveryStageFailureAndCancellationRecoveryMatrix/DESCRIBE_COMPLETE/failure\n"}
{"Time":"2026-09-21T12:59:27.112106-07:00","Action":"output","Package":"lsp-trace/internal/censuscontinuation","Test":"TestEveryStageFailureAndCancellationRecoveryMatrix/DESCRIBE_COMPLETE/failure","Output":"    stage_matrix_test.go:45: checkpoint packet semantic mismatch\n"}
{"Time":"2026-09-21T12:59:27.112123-07:00","Action":"output","Package":"lsp-trace/internal/censuscontinuation","Test":"TestEveryStageFailureAndCancellationRecoveryMatrix/DESCRIBE_COMPLETE/failure","Output":"--- FAIL: TestEveryStageFailureAndCancellationRecoveryMatrix/DESCRIBE_COMPLETE/failure (2.53s)\n"}
{"Time":"2026-09-21T12:59:27.112124-07:00","Action":"fail","Package":"lsp-trace/internal/censuscontinuation","Test":"TestEveryStageFailureAndCancellationRecoveryMatrix/DESCRIBE_COMPLETE/failure","Elapsed":2.53}
{"Time":"2026-09-21T12:59:27.112127-07:00","Action":"run","Package":"lsp-trace/internal/censuscontinuation","Test":"TestEveryStageFailureAndCancellationRecoveryMatrix/DESCRIBE_COMPLETE/cancel"}
{"Time":"2026-09-21T12:59:27.112128-07:00","Action":"output","Package":"lsp-trace/internal/censuscontinuation","Test":"TestEveryStageFailureAndCancellationRecoveryMatrix/DESCRIBE_COMPLETE/cancel","Output":"=== RUN   TestEveryStageFailureAndCancellationRecoveryMatrix/DESCRIBE_COMPLETE/cancel\n"}
{"Time":"2026-09-21T12:59:29.606969-07:00","Action":"output","Package":"lsp-trace/internal/censuscontinuation","Test":"TestEveryStageFailureAndCancellationRecoveryMatrix/DESCRIBE_COMPLETE/cancel","Output":"    stage_matrix_test.go:59: checkpoint packet semantic mismatch\n"}
{"Time":"2026-09-21T12:59:29.606986-07:00","Action":"output","Package":"lsp-trace/internal/censuscontinuation","Test":"TestEveryStageFailureAndCancellationRecoveryMatrix/DESCRIBE_COMPLETE/cancel","Output":"--- FAIL: TestEveryStageFailureAndCancellationRecoveryMatrix/DESCRIBE_COMPLETE/cancel (2.49s)\n"}
{"Time":"2026-09-21T12:59:29.606988-07:00","Action":"fail","Package":"lsp-trace/internal/censuscontinuation","Test":"TestEveryStageFailureAndCancellationRecoveryMatrix/DESCRIBE_COMPLETE/cancel","Elapsed":2.49}
{"Time":"2026-09-21T12:59:29.60699-07:00","Action":"run","Package":"lsp-trace/internal/censuscontinuation","Test":"TestEveryStageFailureAndCancellationRecoveryMatrix/CATALOG_ASSEMBLED/failure"}
{"Time":"2026-09-21T12:59:29.606992-07:00","Action":"output","Package":"lsp-trace/internal/censuscontinuation","Test":"TestEveryStageFailureAndCancellationRecoveryMatrix/CATALOG_ASSEMBLED/failure","Output":"=== RUN   TestEveryStageFailureAndCancellationRecoveryMatrix/CATALOG_ASSEMBLED/failure\n"}
{"Time":"2026-09-21T12:59:32.13952-07:00","Action":"output","Package":"lsp-trace/internal/censuscontinuation","Test":"TestEveryStageFailureAndCancellationRecoveryMatrix/CATALOG_ASSEMBLED/failure","Output":"    stage_matrix_test.go:45: checkpoint packet semantic mismatch\n"}
{"Time":"2026-09-21T12:59:32.139537-07:00","Action":"output","Package":"lsp-trace/internal/censuscontinuation","Test":"TestEveryStageFailureAndCancellationRecoveryMatrix/CATALOG_ASSEMBLED/failure","Output":"--- FAIL: TestEveryStageFailureAndCancellationRecoveryMatrix/CATALOG_ASSEMBLED/failure (2.53s)\n"}
{"Time":"2026-09-21T12:59:32.139539-07:00","Action":"fail","Package":"lsp-trace/internal/censuscontinuation","Test":"TestEveryStageFailureAndCancellationRecoveryMatrix/CATALOG_ASSEMBLED/failure","Elapsed":2.53}
{"Time":"2026-09-21T12:59:32.139559-07:00","Action":"run","Package":"lsp-trace/internal/censuscontinuation","Test":"TestEveryStageFailureAndCancellationRecoveryMatrix/CATALOG_ASSEMBLED/cancel"}
{"Time":"2026-09-21T12:59:32.139561-07:00","Action":"output","Package":"lsp-trace/internal/censuscontinuation","Test":"TestEveryStageFailureAndCancellationRecoveryMatrix/CATALOG_ASSEMBLED/cancel","Output":"=== RUN   TestEveryStageFailureAndCancellationRecoveryMatrix/CATALOG_ASSEMBLED/cancel\n"}
{"Time":"2026-09-21T12:59:34.675907-07:00","Action":"output","Package":"lsp-trace/internal/censuscontinuation","Test":"TestEveryStageFailureAndCancellationRecoveryMatrix/CATALOG_ASSEMBLED/cancel","Output":"    stage_matrix_test.go:59: checkpoint packet semantic mismatch\n"}
{"Time":"2026-09-21T12:59:34.675927-07:00","Action":"output","Package":"lsp-trace/internal/censuscontinuation","Test":"TestEveryStageFailureAndCancellationRecoveryMatrix/CATALOG_ASSEMBLED/cancel","Output":"--- FAIL: TestEveryStageFailureAndCancellationRecoveryMatrix/CATALOG_ASSEMBLED/cancel (2.54s)\n"}
{"Time":"2026-09-21T12:59:34.675929-07:00","Action":"fail","Package":"lsp-trace/internal/censuscontinuation","Test":"TestEveryStageFailureAndCancellationRecoveryMatrix/CATALOG_ASSEMBLED/cancel","Elapsed":2.54}
{"Time":"2026-09-21T12:59:34.675932-07:00","Action":"run","Package":"lsp-trace/internal/censuscontinuation","Test":"TestEveryStageFailureAndCancellationRecoveryMatrix/CATALOG_COMMITTED/failure"}
{"Time":"2026-09-21T12:59:34.675934-07:00","Action":"output","Package":"lsp-trace/internal/censuscontinuation","Test":"TestEveryStageFailureAndCancellationRecoveryMatrix/CATALOG_COMMITTED/failure","Output":"=== RUN   TestEveryStageFailureAndCancellationRecoveryMatrix/CATALOG_COMMITTED/failure\n"}
{"Time":"2026-09-21T12:59:37.234636-07:00","Action":"output","Package":"lsp-trace/internal/censuscontinuation","Test":"TestEveryStageFailureAndCancellationRecoveryMatrix/CATALOG_COMMITTED/failure","Output":"    stage_matrix_test.go:45: checkpoint packet semantic mismatch\n"}
{"Time":"2026-09-21T12:59:37.234653-07:00","Action":"output","Package":"lsp-trace/internal/censuscontinuation","Test":"TestEveryStageFailureAndCancellationRecoveryMatrix/CATALOG_COMMITTED/failure","Output":"--- FAIL: TestEveryStageFailureAndCancellationRecoveryMatrix/CATALOG_COMMITTED/failure (2.56s)\n"}
{"Time":"2026-09-21T12:59:37.234658-07:00","Action":"fail","Package":"lsp-trace/internal/censuscontinuation","Test":"TestEveryStageFailureAndCancellationRecoveryMatrix/CATALOG_COMMITTED/failure","Elapsed":2.56}
{"Time":"2026-09-21T12:59:37.234662-07:00","Action":"run","Package":"lsp-trace/internal/censuscontinuation","Test":"TestEveryStageFailureAndCancellationRecoveryMatrix/CATALOG_COMMITTED/cancel"}
{"Time":"2026-09-21T12:59:37.234663-07:00","Action":"output","Package":"lsp-trace/internal/censuscontinuation","Test":"TestEveryStageFailureAndCancellationRecoveryMatrix/CATALOG_COMMITTED/cancel","Output":"=== RUN   TestEveryStageFailureAndCancellationRecoveryMatrix/CATALOG_COMMITTED/cancel\n"}
{"Time":"2026-09-21T12:59:39.77764-07:00","Action":"output","Package":"lsp-trace/internal/censuscontinuation","Test":"TestEveryStageFailureAndCancellationRecoveryMatrix/CATALOG_COMMITTED/cancel","Output":"    stage_matrix_test.go:59: checkpoint packet semantic mismatch\n"}
{"Time":"2026-09-21T12:59:39.777657-07:00","Action":"output","Package":"lsp-trace/internal/censuscontinuation","Test":"TestEveryStageFailureAndCancellationRecoveryMatrix/CATALOG_COMMITTED/cancel","Output":"--- FAIL: TestEveryStageFailureAndCancellationRecoveryMatrix/CATALOG_COMMITTED/cancel (2.54s)\n"}
{"Time":"2026-09-21T12:59:39.777659-07:00","Action":"fail","Package":"lsp-trace/internal/censuscontinuation","Test":"TestEveryStageFailureAndCancellationRecoveryMatrix/CATALOG_COMMITTED/cancel","Elapsed":2.54}
{"Time":"2026-09-21T12:59:39.778201-07:00","Action":"output","Package":"lsp-trace/internal/censuscontinuation","Test":"TestEveryStageFailureAndCancellationRecoveryMatrix","Output":"--- FAIL: TestEveryStageFailureAndCancellationRecoveryMatrix (33.81s)\n"}
{"Time":"2026-09-21T12:59:39.778205-07:00","Action":"fail","Package":"lsp-trace/internal/censuscontinuation","Test":"TestEveryStageFailureAndCancellationRecoveryMatrix","Elapsed":33.81}
{"Time":"2026-09-21T12:59:39.778207-07:00","Action":"run","Package":"lsp-trace/internal/censuscontinuation","Test":"TestCancellationAfterProgramCCommitPersistsRecovery"}
{"Time":"2026-09-21T12:59:39.778208-07:00","Action":"output","Package":"lsp-trace/internal/censuscontinuation","Test":"TestCancellationAfterProgramCCommitPersistsRecovery","Output":"=== RUN   TestCancellationAfterProgramCCommitPersistsRecovery\n"}
{"Time":"2026-09-21T12:59:40.886171-07:00","Action":"output","Package":"lsp-trace/internal/censuscontinuation","Test":"TestCancellationAfterProgramCCommitPersistsRecovery","Output":"--- PASS: TestCancellationAfterProgramCCommitPersistsRecovery (1.11s)\n"}
{"Time":"2026-09-21T12:59:40.886183-07:00","Action":"pass","Package":"lsp-trace/internal/censuscontinuation","Test":"TestCancellationAfterProgramCCommitPersistsRecovery","Elapsed":1.11}
{"Time":"2026-09-21T12:59:40.886186-07:00","Action":"run","Package":"lsp-trace/internal/censuscontinuation","Test":"TestStopAfterDescribeRequestsPausesWithoutWorkerAndResumesExactlyOnce"}
{"Time":"2026-09-21T12:59:40.886187-07:00","Action":"output","Package":"lsp-trace/internal/censuscontinuation","Test":"TestStopAfterDescribeRequestsPausesWithoutWorkerAndResumesExactlyOnce","Output":"=== RUN   TestStopAfterDescribeRequestsPausesWithoutWorkerAndResumesExactlyOnce\n"}
{"Time":"2026-09-21T12:59:43.684208-07:00","Action":"output","Package":"lsp-trace/internal/censuscontinuation","Test":"TestStopAfterDescribeRequestsPausesWithoutWorkerAndResumesExactlyOnce","Output":"    stop_after_describe_requests_test.go:28: ASSERT_STOP_AFTER_DESCRIBE_REQUESTS_REPLAY_IDENTITY: paused={Status:PAUSED CensusID:census:b41aa0de3936066a2febd9317de35279b61b9628f2d20c83e34ff46b74bb0905 HandoffID:sha256:86511eca189eba03e7f09dc0953f7d9ccc5988c005d7a432f4db4e6d5be34774 CheckpointID:sha256:70c25172f35425dd20fbb15056479517c90b71223211792b023267a6a232876f CatalogSelector: Composite:{wire:{SchemaVersion: CompositeID: CensusID: HandoffID: CatalogID: CatalogStatus: CheckpointSelector: Authority:0 Accepted:false Completeness:}} PrivateStage: PrivateCode: PrivateSubcode: PrivateResourceComponent: PrivateResourceCategory: PrivateResourceLimit:0 PrivateResourceObserved:0 HandoffBytes:0 MaxObjectBytes:0 InvocationCanonicalBytes:0 ResponsePresent:false RequestCount:64 PreparationCount:64 ResponseBytes:0 WorkerCompositeBytes:0 WorkerStoreCap:0 InvocationStage: InvocationStatus: InvocationCode: Err:\u003cnil\u003e checkpoint:{wire:{SchemaVersion: CheckpointID: PriorCheckpointID: Stage: CensusID: HandoffID: ContractID: P"}
{"Time":"2026-09-21T12:59:43.684225-07:00","Action":"output","Package":"lsp-trace/internal/censuscontinuation","Test":"TestStopAfterDescribeRequestsPausesWithoutWorkerAndResumesExactlyOnce","Output":"rofileID: Artifacts:[] Authority:0 Accepted:false Completeness: Status: Diagnostics:[]} legacy:false}} replayed={Status: CensusID: HandoffID: CheckpointID: CatalogSelector: Composite:{wire:{SchemaVersion: CompositeID: CensusID: HandoffID: CatalogID: CatalogStatus: CheckpointSelector: Authority:0 Accepted:false Completeness:}} PrivateStage: PrivateCode: PrivateSubcode: PrivateResourceComponent: PrivateResourceCategory: PrivateResourceLimit:0 PrivateResourceObserved:0 HandoffBytes:0 MaxObjectBytes:0 InvocationCanonicalBytes:0 ResponsePresent:false RequestCount:0 PreparationCount:0 ResponseBytes:0 WorkerCompositeBytes:0 WorkerStoreCap:0 InvocationStage: InvocationStatus: InvocationCode: Err:continuation validation failed checkpoint:{wire:{SchemaVersion: CheckpointID: PriorCheckpointID: Stage: CensusID: HandoffID: ContractID: ProfileID: Artifacts:[] Authority:0 Accepted:false Completeness: Status: Diagnostics:[]} legacy:false}}\n"}
{"Time":"2026-09-21T12:59:43.684741-07:00","Action":"output","Package":"lsp-trace/internal/censuscontinuation","Test":"TestStopAfterDescribeRequestsPausesWithoutWorkerAndResumesExactlyOnce","Output":"--- FAIL: TestStopAfterDescribeRequestsPausesWithoutWorkerAndResumesExactlyOnce (2.80s)\n"}
{"Time":"2026-09-21T12:59:43.684746-07:00","Action":"fail","Package":"lsp-trace/internal/censuscontinuation","Test":"TestStopAfterDescribeRequestsPausesWithoutWorkerAndResumesExactlyOnce","Elapsed":2.8}
{"Time":"2026-09-21T12:59:43.68475-07:00","Action":"run","Package":"lsp-trace/internal/censuscontinuation","Test":"TestVerifyChainReadsAndParsesEachStoreObjectOncePerOperation"}
{"Time":"2026-09-21T12:59:43.684768-07:00","Action":"output","Package":"lsp-trace/internal/censuscontinuation","Test":"TestVerifyChainReadsAndParsesEachStoreObjectOncePerOperation","Output":"=== RUN   TestVerifyChainReadsAndParsesEachStoreObjectOncePerOperation\n"}
{"Time":"2026-09-21T12:59:46.574292-07:00","Action":"output","Package":"lsp-trace/internal/censuscontinuation","Test":"TestVerifyChainReadsAndParsesEachStoreObjectOncePerOperation","Output":"    verification_performance_test.go:82: checkpoint packet semantic mismatch\n"}
{"Time":"2026-09-21T12:59:46.574842-07:00","Action":"output","Package":"lsp-trace/internal/censuscontinuation","Test":"TestVerifyChainReadsAndParsesEachStoreObjectOncePerOperation","Output":"--- FAIL: TestVerifyChainReadsAndParsesEachStoreObjectOncePerOperation (2.89s)\n"}
{"Time":"2026-09-21T12:59:46.574847-07:00","Action":"fail","Package":"lsp-trace/internal/censuscontinuation","Test":"TestVerifyChainReadsAndParsesEachStoreObjectOncePerOperation","Elapsed":2.89}
{"Time":"2026-09-21T12:59:46.574853-07:00","Action":"run","Package":"lsp-trace/internal/censuscontinuation","Test":"TestVerifyChainDoesNotReuseObjectsAcrossOperations"}
{"Time":"2026-09-21T12:59:46.574854-07:00","Action":"output","Package":"lsp-trace/internal/censuscontinuation","Test":"TestVerifyChainDoesNotReuseObjectsAcrossOperations","Output":"=== RUN   TestVerifyChainDoesNotReuseObjectsAcrossOperations\n"}
{"Time":"2026-09-21T12:59:49.491771-07:00","Action":"output","Package":"lsp-trace/internal/censuscontinuation","Test":"TestVerifyChainDoesNotReuseObjectsAcrossOperations","Output":"    verification_performance_test.go:99: checkpoint packet semantic mismatch\n"}
{"Time":"2026-09-21T12:59:49.492305-07:00","Action":"output","Package":"lsp-trace/internal/censuscontinuation","Test":"TestVerifyChainDoesNotReuseObjectsAcrossOperations","Output":"--- FAIL: TestVerifyChainDoesNotReuseObjectsAcrossOperations (2.92s)\n"}
{"Time":"2026-09-21T12:59:49.49231-07:00","Action":"fail","Package":"lsp-trace/internal/censuscontinuation","Test":"TestVerifyChainDoesNotReuseObjectsAcrossOperations","Elapsed":2.92}
{"Time":"2026-09-21T12:59:49.492314-07:00","Action":"run","Package":"lsp-trace/internal/censuscontinuation","Test":"TestWorkerHistoryV2CanonicalEmptyArrays"}
{"Time":"2026-09-21T12:59:49.492316-07:00","Action":"output","Package":"lsp-trace/internal/censuscontinuation","Test":"TestWorkerHistoryV2CanonicalEmptyArrays","Output":"=== RUN   TestWorkerHistoryV2CanonicalEmptyArrays\n"}
{"Time":"2026-09-21T12:59:49.492331-07:00","Action":"output","Package":"lsp-trace/internal/censuscontinuation","Test":"TestWorkerHistoryV2CanonicalEmptyArrays","Output":"--- PASS: TestWorkerHistoryV2CanonicalEmptyArrays (0.00s)\n"}
{"Time":"2026-09-21T12:59:49.492334-07:00","Action":"pass","Package":"lsp-trace/internal/censuscontinuation","Test":"TestWorkerHistoryV2CanonicalEmptyArrays","Elapsed":0}
{"Time":"2026-09-21T12:59:49.492336-07:00","Action":"run","Package":"lsp-trace/internal/censuscontinuation","Test":"TestWorkerHistoryV2FailureCustodyRoundTripAndTamper"}
{"Time":"2026-09-21T12:59:49.492337-07:00","Action":"output","Package":"lsp-trace/internal/censuscontinuation","Test":"TestWorkerHistoryV2FailureCustodyRoundTripAndTamper","Output":"=== RUN   TestWorkerHistoryV2FailureCustodyRoundTripAndTamper\n"}
{"Time":"2026-09-21T12:59:49.492575-07:00","Action":"output","Package":"lsp-trace/internal/censuscontinuation","Test":"TestWorkerHistoryV2FailureCustodyRoundTripAndTamper","Output":"--- PASS: TestWorkerHistoryV2FailureCustodyRoundTripAndTamper (0.00s)\n"}
{"Time":"2026-09-21T12:59:49.492578-07:00","Action":"pass","Package":"lsp-trace/internal/censuscontinuation","Test":"TestWorkerHistoryV2FailureCustodyRoundTripAndTamper","Elapsed":0}
{"Time":"2026-09-21T12:59:49.492579-07:00","Action":"run","Package":"lsp-trace/internal/censuscontinuation","Test":"TestWorkerHistoryV2BindsInvocationAndResponse"}
{"Time":"2026-09-21T12:59:49.49258-07:00","Action":"output","Package":"lsp-trace/internal/censuscontinuation","Test":"TestWorkerHistoryV2BindsInvocationAndResponse","Output":"=== RUN   TestWorkerHistoryV2BindsInvocationAndResponse\n"}
{"Time":"2026-09-21T12:59:49.493604-07:00","Action":"output","Package":"lsp-trace/internal/censuscontinuation","Test":"TestWorkerHistoryV2BindsInvocationAndResponse","Output":"--- PASS: TestWorkerHistoryV2BindsInvocationAndResponse (0.00s)\n"}
{"Time":"2026-09-21T12:59:49.493609-07:00","Action":"pass","Package":"lsp-trace/internal/censuscontinuation","Test":"TestWorkerHistoryV2BindsInvocationAndResponse","Elapsed":0}
{"Time":"2026-09-21T12:59:49.493611-07:00","Action":"run","Package":"lsp-trace/internal/censuscontinuation","Test":"TestWorkerRecordsV2OpaqueExactReplay"}
{"Time":"2026-09-21T12:59:49.493613-07:00","Action":"output","Package":"lsp-trace/internal/censuscontinuation","Test":"TestWorkerRecordsV2OpaqueExactReplay","Output":"=== RUN   TestWorkerRecordsV2OpaqueExactReplay\n"}
{"Time":"2026-09-21T12:59:49.493848-07:00","Action":"output","Package":"lsp-trace/internal/censuscontinuation","Test":"TestWorkerRecordsV2OpaqueExactReplay","Output":"--- PASS: TestWorkerRecordsV2OpaqueExactReplay (0.00s)\n"}
{"Time":"2026-09-21T12:59:49.49385-07:00","Action":"pass","Package":"lsp-trace/internal/censuscontinuation","Test":"TestWorkerRecordsV2OpaqueExactReplay","Elapsed":0}
{"Time":"2026-09-21T12:59:49.493852-07:00","Action":"output","Package":"lsp-trace/internal/censuscontinuation","Output":"FAIL\n"}
{"Time":"2026-09-21T12:59:49.49713-07:00","Action":"output","Package":"lsp-trace/internal/censuscontinuation","Output":"FAIL\tlsp-trace/internal/censuscontinuation\t76.444s\n"}
{"Time":"2026-09-21T12:59:49.497138-07:00","Action":"fail","Package":"lsp-trace/internal/censuscontinuation","Elapsed":76.444}
